"title","start_time","end_time","description","exercise_title","superset_id","exercise_notes","set_index","set_type","weight_lbs","reps","distance_miles","duration_seconds","rpe"
"PP [L] PPL","30 Aug 2025, 14:24","30 Aug 2025, 15:20","","Goblet Squat",,"",0,"normal",15,15,,,
"PP [L] PPL","30 Aug 2025, 14:24","30 Aug 2025, 15:20","","Goblet Squat",,"",1,"normal",15,15,,,
"PP [L] PPL","30 Aug 2025, 14:24","30 Aug 2025, 15:20","","Goblet Squat",,"",2,"normal",15,12,,,
"PP [L] PPL","30 Aug 2025, 14:24","30 Aug 2025, 15:20","","Standing Calf Raise (Dumbbell)",,"",0,"normal",15,25,,,
"PP [L] PPL","30 Aug 2025, 14:24","30 Aug 2025, 15:20","","Standing Calf Raise (Dumbbell)",,"",1,"normal",15,25,,,
"PP [L] PPL","30 Aug 2025, 14:24","30 Aug 2025, 15:20","","Standing Calf Raise (Dumbbell)",,"",2,"normal",15,25,,,
"PP [L] PPL","30 Aug 2025, 14:24","30 Aug 2025, 15:20","","Seated Leg Curl (Machine)",,"",0,"normal",8,15,,,
"PP [L] PPL","30 Aug 2025, 14:24","30 Aug 2025, 15:20","","Seated Leg Curl (Machine)",,"",1,"normal",8,15,,,
"PP [L] PPL","30 Aug 2025, 14:24","30 Aug 2025, 15:20","","Seated Leg Curl (Machine)",,"",2,"normal",8,12,,,
"PP [L] PPL","30 Aug 2025, 14:24","30 Aug 2025, 15:20","","Lying Leg Curl (Machine)",,"",0,"normal",6,12,,,
"PP [L] PPL","30 Aug 2025, 14:24","30 Aug 2025, 15:20","","Lying Leg Curl (Machine)",,"",1,"normal",6,10,,,
"PP [L] PPL","30 Aug 2025, 14:24","30 Aug 2025, 15:20","","Lying Leg Curl (Machine)",,"",2,"normal",6,7,,,
"PP [L] PPL","30 Aug 2025, 14:24","30 Aug 2025, 15:20","","Romanian Deadlift (Dumbbell)",,"",0,"normal",7.5,14,,,
"PP [L] PPL","30 Aug 2025, 14:24","30 Aug 2025, 15:20","","Romanian Deadlift (Dumbbell)",,"",1,"normal",7.5,8,,,
"PP [L] PPL","30 Aug 2025, 14:24","30 Aug 2025, 15:20","","Romanian Deadlift (Dumbbell)",,"",2,"normal",9,12,,,
"PP [L] PPL","30 Aug 2025, 14:24","30 Aug 2025, 15:20","","Hip Abduction (Machine)",,"",0,"normal",60,18,,,
"PP [L] PPL","30 Aug 2025, 14:24","30 Aug 2025, 15:20","","Hip Abduction (Machine)",,"",1,"normal",75,12,,,
"PP [L] PPL","30 Aug 2025, 14:24","30 Aug 2025, 15:20","","Hip Abduction (Machine)",,"",2,"normal",75,12,,,
"PP [L] PPL","30 Aug 2025, 14:24","30 Aug 2025, 15:20","","Hip Adduction (Machine)",,"",0,"normal",75,20,,,
"PP [L] PPL","30 Aug 2025, 14:24","30 Aug 2025, 15:20","","Hip Adduction (Machine)",,"",1,"normal",75,14,,,
"PP [L] PPL","30 Aug 2025, 14:24","30 Aug 2025, 15:20","","Hip Adduction (Machine)",,"",2,"normal",60,10,,,
"PP [L] PPL","30 Aug 2025, 14:24","30 Aug 2025, 15:20","","Elliptical Trainer",,"",0,"normal",,,0.45,300,
"PP [L] PPL","30 Aug 2025, 14:24","30 Aug 2025, 15:20","","Elliptical Trainer",,"",1,"normal",,,0.45,300,
"P [P] LPPL","29 Aug 2025, 19:40","29 Aug 2025, 20:57","","Lat Pulldown (Cable)",,"",0,"normal",7,8,,,
"P [P] LPPL","29 Aug 2025, 19:40","29 Aug 2025, 20:57","","Lat Pulldown (Cable)",,"",1,"normal",7,10,,,
"P [P] LPPL","29 Aug 2025, 19:40","29 Aug 2025, 20:57","","Lat Pulldown (Cable)",,"",2,"normal",6,14,,,
"P [P] LPPL","29 Aug 2025, 19:40","29 Aug 2025, 20:57","","Lat Pulldown (Cable)",,"",3,"normal",7,7,,,
"P [P] LPPL","29 Aug 2025, 19:40","29 Aug 2025, 20:57","","Seated Cable Row - Bar Grip",,"",0,"normal",5,18,,,
"P [P] LPPL","29 Aug 2025, 19:40","29 Aug 2025, 20:57","","Seated Cable Row - Bar Grip",,"",1,"normal",7,16,,,
"P [P] LPPL","29 Aug 2025, 19:40","29 Aug 2025, 20:57","","Seated Cable Row - Bar Grip",,"",2,"normal",8,14,,,
"P [P] LPPL","29 Aug 2025, 19:40","29 Aug 2025, 20:57","","Seated Cable Row - Bar Grip",,"",3,"normal",8,14,,,
"P [P] LPPL","29 Aug 2025, 19:40","29 Aug 2025, 20:57","","Dumbbell Row",,"",0,"normal",15,20,,,
"P [P] LPPL","29 Aug 2025, 19:40","29 Aug 2025, 20:57","","Dumbbell Row",,"",1,"normal",15,18,,,
"P [P] LPPL","29 Aug 2025, 19:40","29 Aug 2025, 20:57","","Dumbbell Row",,"",2,"normal",15,16,,,
"P [P] LPPL","29 Aug 2025, 19:40","29 Aug 2025, 20:57","","Dumbbell Row",,"",3,"normal",15,12,,,
"P [P] LPPL","29 Aug 2025, 19:40","29 Aug 2025, 20:57","","Rear Delt Reverse Fly (Machine)",,"",0,"normal",40,14,,,
"P [P] LPPL","29 Aug 2025, 19:40","29 Aug 2025, 20:57","","Rear Delt Reverse Fly (Machine)",,"",1,"normal",40,14,,,
"P [P] LPPL","29 Aug 2025, 19:40","29 Aug 2025, 20:57","","Rear Delt Reverse Fly (Machine)",,"",2,"normal",40,10,,,
"P [P] LPPL","29 Aug 2025, 19:40","29 Aug 2025, 20:57","","Seated Palms Up Wrist Curl",,"",0,"normal",9,5,,,
"P [P] LPPL","29 Aug 2025, 19:40","29 Aug 2025, 20:57","","Seated Palms Up Wrist Curl",,"",1,"normal",9,6,,,
"P [P] LPPL","29 Aug 2025, 19:40","29 Aug 2025, 20:57","","Seated Palms Up Wrist Curl",,"",2,"normal",7.5,23,,,
"P [P] LPPL","29 Aug 2025, 19:40","29 Aug 2025, 20:57","","Seated Palms Up Wrist Curl",,"",3,"normal",7.5,16,,,
"P [P] LPPL","29 Aug 2025, 19:40","29 Aug 2025, 20:57","","Seated Palms Up Wrist Curl",,"",4,"normal",7.5,10,,,
"P [P] LPPL","29 Aug 2025, 19:40","29 Aug 2025, 20:57","","Seated Incline Curl (Dumbbell)",,"",0,"normal",7.5,6,,,
"P [P] LPPL","29 Aug 2025, 19:40","29 Aug 2025, 20:57","","Seated Incline Curl (Dumbbell)",,"",1,"normal",7.5,7,,,
"P [P] LPPL","29 Aug 2025, 19:40","29 Aug 2025, 20:57","","Seated Incline Curl (Dumbbell)",,"",2,"normal",7.5,6,,,
"P [P] LPPL","29 Aug 2025, 19:40","29 Aug 2025, 20:57","","Seated Incline Curl (Dumbbell)",,"",3,"normal",5,12,,,
"P [P] LPPL","29 Aug 2025, 19:40","29 Aug 2025, 20:57","","Preacher Curl (Dumbbell)",,"",0,"normal",22.7,16,,,
"P [P] LPPL","29 Aug 2025, 19:40","29 Aug 2025, 20:57","","Preacher Curl (Dumbbell)",,"",1,"normal",30,8,,,
"P [P] LPPL","29 Aug 2025, 19:40","29 Aug 2025, 20:57","","Preacher Curl (Dumbbell)",,"",2,"normal",30,8,,,
"P [P] LPPL","29 Aug 2025, 19:40","29 Aug 2025, 20:57","","Preacher Curl (Dumbbell)",,"",3,"normal",30,5,,,
"P [P] LPPL","29 Aug 2025, 19:40","29 Aug 2025, 20:57","","Hammer Curl (Dumbbell)",,"",0,"normal",5,20,,,
"P [P] LPPL","29 Aug 2025, 19:40","29 Aug 2025, 20:57","","Hammer Curl (Dumbbell)",,"",1,"normal",5,14,,,
"P [P] LPPL","29 Aug 2025, 19:40","29 Aug 2025, 20:57","","Hammer Curl (Dumbbell)",,"",2,"normal",7.5,5,,,
"P [P] LPPL","29 Aug 2025, 19:40","29 Aug 2025, 20:57","","Dead Hang",,"",0,"normal",,,,5,
"P [P] LPPL","29 Aug 2025, 19:40","29 Aug 2025, 20:57","","Dead Hang",,"",1,"normal",,,,10,
"[P] PLPPL","28 Aug 2025, 19:57","28 Aug 2025, 21:05","","Bench Press (Dumbbell)",,"",0,"normal",7.5,20,,,
"[P] PLPPL","28 Aug 2025, 19:57","28 Aug 2025, 21:05","","Bench Press (Dumbbell)",,"",1,"normal",7.5,17,,,
"[P] PLPPL","28 Aug 2025, 19:57","28 Aug 2025, 21:05","","Bench Press (Dumbbell)",,"",2,"normal",7.5,13,,,
"[P] PLPPL","28 Aug 2025, 19:57","28 Aug 2025, 21:05","","Bench Press (Dumbbell)",,"",3,"normal",7.5,14,,,
"[P] PLPPL","28 Aug 2025, 19:57","28 Aug 2025, 21:05","","Incline Bench Press (Dumbbell)",,"",0,"normal",7.5,10,,,
"[P] PLPPL","28 Aug 2025, 19:57","28 Aug 2025, 21:05","","Incline Bench Press (Dumbbell)",,"",1,"normal",5,18,,,
"[P] PLPPL","28 Aug 2025, 19:57","28 Aug 2025, 21:05","","Incline Bench Press (Dumbbell)",,"",2,"normal",5,12,,,
"[P] PLPPL","28 Aug 2025, 19:57","28 Aug 2025, 21:05","","Triceps Pushdown",,"",0,"normal",4,7,,,
"[P] PLPPL","28 Aug 2025, 19:57","28 Aug 2025, 21:05","","Triceps Pushdown",,"",1,"normal",3,12,,,
"[P] PLPPL","28 Aug 2025, 19:57","28 Aug 2025, 21:05","","Triceps Pushdown",,"",2,"normal",4,4,,,
"[P] PLPPL","28 Aug 2025, 19:57","28 Aug 2025, 21:05","","Triceps Extension (Dumbbell)",,"",0,"normal",5,5,,,
"[P] PLPPL","28 Aug 2025, 19:57","28 Aug 2025, 21:05","","Triceps Extension (Dumbbell)",,"",1,"normal",2.5,12,,,
"[P] PLPPL","28 Aug 2025, 19:57","28 Aug 2025, 21:05","","Triceps Extension (Dumbbell)",,"",2,"normal",2.5,12,,,
"[P] PLPPL","28 Aug 2025, 19:57","28 Aug 2025, 21:05","","Overhead Press (Dumbbell)",,"",0,"normal",7.5,10,,,
"[P] PLPPL","28 Aug 2025, 19:57","28 Aug 2025, 21:05","","Overhead Press (Dumbbell)",,"",1,"normal",7.5,6,,,
"[P] PLPPL","28 Aug 2025, 19:57","28 Aug 2025, 21:05","","Overhead Press (Dumbbell)",,"",2,"normal",7.5,11,,,
"[P] PLPPL","28 Aug 2025, 19:57","28 Aug 2025, 21:05","","Overhead Press (Dumbbell)",,"",3,"normal",7.5,11,,,
"[P] PLPPL","28 Aug 2025, 19:57","28 Aug 2025, 21:05","","Lateral Raise (Dumbbell)",,"",0,"normal",7.5,5,,,
"[P] PLPPL","28 Aug 2025, 19:57","28 Aug 2025, 21:05","","Lateral Raise (Dumbbell)",,"",1,"normal",7.5,7,,,
"[P] PLPPL","28 Aug 2025, 19:57","28 Aug 2025, 21:05","","Lateral Raise (Dumbbell)",,"",2,"normal",7.5,7,,,
"[P] PLPPL","28 Aug 2025, 19:57","28 Aug 2025, 21:05","","Front Raise (Dumbbell)",,"",0,"normal",7.5,10,,,
"[P] PLPPL","28 Aug 2025, 19:57","28 Aug 2025, 21:05","","Front Raise (Dumbbell)",,"",1,"normal",7.5,12,,,
"[P] PLPPL","28 Aug 2025, 19:57","28 Aug 2025, 21:05","","Front Raise (Dumbbell)",,"",2,"normal",7.5,12,,,
"[P] PLPPL","28 Aug 2025, 19:57","28 Aug 2025, 21:05","","Butterfly (Pec Deck)",,"",0,"normal",55,15,,,
"[P] PLPPL","28 Aug 2025, 19:57","28 Aug 2025, 21:05","","Overhead Triceps Extension (Cable)",,"",0,"normal",7.5,16,,,
"[P] PLPPL","28 Aug 2025, 19:57","28 Aug 2025, 21:05","","Overhead Triceps Extension (Cable)",,"",1,"normal",12.5,14,,,
"[P] PLPPL","28 Aug 2025, 19:57","28 Aug 2025, 21:05","","Overhead Triceps Extension (Cable)",,"",2,"normal",12.5,16,,,
"PPLPP [L]","26 Aug 2025, 19:51","26 Aug 2025, 20:53","","Goblet Squat",,"",0,"normal",15,10,,,
"PPLPP [L]","26 Aug 2025, 19:51","26 Aug 2025, 20:53","","Goblet Squat",,"",1,"normal",15,14,,,
"PPLPP [L]","26 Aug 2025, 19:51","26 Aug 2025, 20:53","","Goblet Squat",,"",2,"normal",15,14,,,
"PPLPP [L]","26 Aug 2025, 19:51","26 Aug 2025, 20:53","","Standing Calf Raise (Dumbbell)",,"",0,"normal",15,20,,,
"PPLPP [L]","26 Aug 2025, 19:51","26 Aug 2025, 20:53","","Standing Calf Raise (Dumbbell)",,"",1,"normal",15,24,,,
"PPLPP [L]","26 Aug 2025, 19:51","26 Aug 2025, 20:53","","Standing Calf Raise (Dumbbell)",,"",2,"normal",15,24,,,
"PPLPP [L]","26 Aug 2025, 19:51","26 Aug 2025, 20:53","","Seated Leg Curl (Machine)",,"",0,"normal",8,12,,,
"PPLPP [L]","26 Aug 2025, 19:51","26 Aug 2025, 20:53","","Seated Leg Curl (Machine)",,"",1,"normal",8,12,,,
"PPLPP [L]","26 Aug 2025, 19:51","26 Aug 2025, 20:53","","Seated Leg Curl (Machine)",,"",2,"normal",8,12,,,
"PPLPP [L]","26 Aug 2025, 19:51","26 Aug 2025, 20:53","","Lying Leg Curl (Machine)",,"",0,"normal",6,14,,,
"PPLPP [L]","26 Aug 2025, 19:51","26 Aug 2025, 20:53","","Lying Leg Curl (Machine)",,"",1,"normal",6,12,,,
"PPLPP [L]","26 Aug 2025, 19:51","26 Aug 2025, 20:53","","Lying Leg Curl (Machine)",,"",2,"normal",6,9,,,
"PPLPP [L]","26 Aug 2025, 19:51","26 Aug 2025, 20:53","","Romanian Deadlift (Dumbbell)",,"",0,"normal",7.5,12,,,
"PPLPP [L]","26 Aug 2025, 19:51","26 Aug 2025, 20:53","","Romanian Deadlift (Dumbbell)",,"",1,"normal",7.5,14,,,
"PPLPP [L]","26 Aug 2025, 19:51","26 Aug 2025, 20:53","","Romanian Deadlift (Dumbbell)",,"",2,"normal",7.5,14,,,
"PPLPP [L]","26 Aug 2025, 19:51","26 Aug 2025, 20:53","","Hip Abduction (Machine)",,"",0,"normal",60,18,,,
"PPLPP [L]","26 Aug 2025, 19:51","26 Aug 2025, 20:53","","Hip Abduction (Machine)",,"",1,"normal",60,18,,,
"PPLPP [L]","26 Aug 2025, 19:51","26 Aug 2025, 20:53","","Hip Abduction (Machine)",,"",2,"normal",75,10,,,
"PPLPP [L]","26 Aug 2025, 19:51","26 Aug 2025, 20:53","","Hip Adduction (Machine)",,"",0,"normal",75,18,,,
"PPLPP [L]","26 Aug 2025, 19:51","26 Aug 2025, 20:53","","Hip Adduction (Machine)",,"",1,"normal",75,14,,,
"PPLPP [L]","26 Aug 2025, 19:51","26 Aug 2025, 20:53","","Hip Adduction (Machine)",,"",2,"normal",75,8,,,
"PPLPP [L]","26 Aug 2025, 19:51","26 Aug 2025, 20:53","","Elliptical Trainer",,"",0,"normal",,,0.4,300,
"PPLPP [L]","26 Aug 2025, 19:51","26 Aug 2025, 20:53","","Elliptical Trainer",,"",1,"normal",,,1.3,780,
"PPLP [P] L","25 Aug 2025, 20:06","25 Aug 2025, 21:04","","Seated Cable Row - Bar Grip",,"",0,"normal",8,16,,,
"PPLP [P] L","25 Aug 2025, 20:06","25 Aug 2025, 21:04","","Seated Cable Row - Bar Grip",,"",1,"normal",8,16,,,
"PPLP [P] L","25 Aug 2025, 20:06","25 Aug 2025, 21:04","","Seated Cable Row - Bar Grip",,"",2,"normal",9,12,,,
"PPLP [P] L","25 Aug 2025, 20:06","25 Aug 2025, 21:04","","Lat Pulldown (Cable)",,"",0,"normal",5,11,,,
"PPLP [P] L","25 Aug 2025, 20:06","25 Aug 2025, 21:04","","Lat Pulldown (Cable)",,"",1,"normal",6,12,,,
"PPLP [P] L","25 Aug 2025, 20:06","25 Aug 2025, 21:04","","Lat Pulldown (Cable)",,"",2,"normal",6,12,,,
"PPLP [P] L","25 Aug 2025, 20:06","25 Aug 2025, 21:04","","Face Pull",,"",0,"normal",7.5,7,,,
"PPLP [P] L","25 Aug 2025, 20:06","25 Aug 2025, 21:04","","Rear Delt Reverse Fly (Machine)",,"",0,"normal",40,14,,,
"PPLP [P] L","25 Aug 2025, 20:06","25 Aug 2025, 21:04","","Rear Delt Reverse Fly (Machine)",,"",1,"normal",40,12,,,
"PPLP [P] L","25 Aug 2025, 20:06","25 Aug 2025, 21:04","","Rear Delt Reverse Fly (Machine)",,"",2,"normal",40,12,,,
"PPLP [P] L","25 Aug 2025, 20:06","25 Aug 2025, 21:04","","Seated Palms Up Wrist Curl",,"",0,"normal",7.5,26,,,
"PPLP [P] L","25 Aug 2025, 20:06","25 Aug 2025, 21:04","","Seated Palms Up Wrist Curl",,"",1,"normal",7.5,17,,,
"PPLP [P] L","25 Aug 2025, 20:06","25 Aug 2025, 21:04","","Seated Palms Up Wrist Curl",,"",2,"normal",7.5,16,,,
"PPLP [P] L","25 Aug 2025, 20:06","25 Aug 2025, 21:04","","Seated Palms Up Wrist Curl",,"",3,"normal",7.5,15,,,
"PPLP [P] L","25 Aug 2025, 20:06","25 Aug 2025, 21:04","","Hammer Curl (Dumbbell)",,"",0,"normal",5,16,,,
"PPLP [P] L","25 Aug 2025, 20:06","25 Aug 2025, 21:04","","Preacher Curl (Machine)",,"",0,"normal",40,10,,,
"PPLP [P] L","25 Aug 2025, 20:06","25 Aug 2025, 21:04","","Preacher Curl (Machine)",,"",1,"normal",40,10,,,
"PPLP [P] L","25 Aug 2025, 20:06","25 Aug 2025, 21:04","","Seated Incline Curl (Dumbbell)",,"",0,"normal",5,14,,,
"PPLP [P] L","25 Aug 2025, 20:06","25 Aug 2025, 21:04","","Seated Incline Curl (Dumbbell)",,"",1,"normal",5,14,,,
"PPLP [P] L","25 Aug 2025, 20:06","25 Aug 2025, 21:04","","Seated Incline Curl (Dumbbell)",,"",2,"normal",5,14,,,
"PPLP [P] L","25 Aug 2025, 20:06","25 Aug 2025, 21:04","","Dumbbell Row",,"",0,"normal",15,18,,,
"PPLP [P] L","25 Aug 2025, 20:06","25 Aug 2025, 21:04","","Dumbbell Row",,"",1,"normal",15,16,,,
"PPLP [P] L","25 Aug 2025, 20:06","25 Aug 2025, 21:04","","Dumbbell Row",,"",2,"normal",15,16,,,
"PPLP [P] L","25 Aug 2025, 20:06","25 Aug 2025, 21:04","","Dumbbell Row",,"",3,"normal",15,16,,,
"PPL [P] PL","24 Aug 2025, 13:12","24 Aug 2025, 14:17","","Single Arm Tricep Extension (Dumbbell)",,"",0,"normal",2.5,12,,,
"PPL [P] PL","24 Aug 2025, 13:12","24 Aug 2025, 14:17","","Single Arm Tricep Extension (Dumbbell)",,"",1,"normal",2.5,12,,,
"PPL [P] PL","24 Aug 2025, 13:12","24 Aug 2025, 14:17","","Single Arm Tricep Extension (Dumbbell)",,"",2,"normal",2.5,12,,,
"PPL [P] PL","24 Aug 2025, 13:12","24 Aug 2025, 14:17","","Single Arm Tricep Extension (Dumbbell)",,"",3,"normal",2.5,12,,,
"PPL [P] PL","24 Aug 2025, 13:12","24 Aug 2025, 14:17","","Overhead Press (Dumbbell)",,"",0,"normal",7.5,12,,,
"PPL [P] PL","24 Aug 2025, 13:12","24 Aug 2025, 14:17","","Overhead Press (Dumbbell)",,"",1,"normal",7.5,6,,,
"PPL [P] PL","24 Aug 2025, 13:12","24 Aug 2025, 14:17","","Overhead Press (Dumbbell)",,"",2,"normal",5,17,,,
"PPL [P] PL","24 Aug 2025, 13:12","24 Aug 2025, 14:17","","Overhead Press (Dumbbell)",,"",3,"normal",7.5,10,,,
"PPL [P] PL","24 Aug 2025, 13:12","24 Aug 2025, 14:17","","Bench Press (Dumbbell)",,"",0,"normal",7.5,18,,,
"PPL [P] PL","24 Aug 2025, 13:12","24 Aug 2025, 14:17","","Bench Press (Dumbbell)",,"",1,"normal",7.5,16,,,
"PPL [P] PL","24 Aug 2025, 13:12","24 Aug 2025, 14:17","","Bench Press (Dumbbell)",,"",2,"normal",7.5,14,,,
"PPL [P] PL","24 Aug 2025, 13:12","24 Aug 2025, 14:17","","Butterfly (Pec Deck)",,"",0,"normal",55,14,,,
"PPL [P] PL","24 Aug 2025, 13:12","24 Aug 2025, 14:17","","Butterfly (Pec Deck)",,"",1,"normal",55,16,,,
"PPL [P] PL","24 Aug 2025, 13:12","24 Aug 2025, 14:17","","Butterfly (Pec Deck)",,"",2,"normal",55,14,,,
"PPL [P] PL","24 Aug 2025, 13:12","24 Aug 2025, 14:17","","Lateral Raise (Dumbbell)",,"",0,"normal",2.5,18,,,
"PPL [P] PL","24 Aug 2025, 13:12","24 Aug 2025, 14:17","","Lateral Raise (Dumbbell)",,"",1,"normal",2.5,16,,,
"PPL [P] PL","24 Aug 2025, 13:12","24 Aug 2025, 14:17","","Lateral Raise (Dumbbell)",,"",2,"normal",2.5,16,,,
"PPL [P] PL","24 Aug 2025, 13:12","24 Aug 2025, 14:17","","Front Raise (Dumbbell)",,"",0,"normal",7.5,8,,,
"PPL [P] PL","24 Aug 2025, 13:12","24 Aug 2025, 14:17","","Front Raise (Dumbbell)",,"",1,"normal",7.5,8,,,
"PPL [P] PL","24 Aug 2025, 13:12","24 Aug 2025, 14:17","","Front Raise (Dumbbell)",,"",2,"normal",7.5,8,,,
"PPL [P] PL","24 Aug 2025, 13:12","24 Aug 2025, 14:17","","Elliptical Trainer",,"",0,"normal",,,1.1,840,
"PP [L] PPL","23 Aug 2025, 12:26","23 Aug 2025, 13:30","","Goblet Squat",,"",0,"normal",15,14,,,
"PP [L] PPL","23 Aug 2025, 12:26","23 Aug 2025, 13:30","","Goblet Squat",,"",1,"normal",15,14,,,
"PP [L] PPL","23 Aug 2025, 12:26","23 Aug 2025, 13:30","","Goblet Squat",,"",2,"normal",15,14,,,
"PP [L] PPL","23 Aug 2025, 12:26","23 Aug 2025, 13:30","","Standing Calf Raise (Dumbbell)",,"",0,"normal",15,22,,,
"PP [L] PPL","23 Aug 2025, 12:26","23 Aug 2025, 13:30","","Standing Calf Raise (Dumbbell)",,"",1,"normal",15,22,,,
"PP [L] PPL","23 Aug 2025, 12:26","23 Aug 2025, 13:30","","Standing Calf Raise (Dumbbell)",,"",2,"normal",15,22,,,
"PP [L] PPL","23 Aug 2025, 12:26","23 Aug 2025, 13:30","","Lying Leg Curl (Machine)",,"",0,"normal",6,12,,,
"PP [L] PPL","23 Aug 2025, 12:26","23 Aug 2025, 13:30","","Lying Leg Curl (Machine)",,"",1,"normal",6,12,,,
"PP [L] PPL","23 Aug 2025, 12:26","23 Aug 2025, 13:30","","Lying Leg Curl (Machine)",,"",2,"normal",6,8,,,
"PP [L] PPL","23 Aug 2025, 12:26","23 Aug 2025, 13:30","","Hip Abduction (Machine)",,"",0,"normal",60,14,,,
"PP [L] PPL","23 Aug 2025, 12:26","23 Aug 2025, 13:30","","Hip Abduction (Machine)",,"",1,"normal",60,16,,,
"PP [L] PPL","23 Aug 2025, 12:26","23 Aug 2025, 13:30","","Hip Abduction (Machine)",,"",2,"normal",60,14,,,
"PP [L] PPL","23 Aug 2025, 12:26","23 Aug 2025, 13:30","","Farmers Walk",,"",0,"normal",20,,0,,
"PP [L] PPL","23 Aug 2025, 12:26","23 Aug 2025, 13:30","","Farmers Walk",,"",1,"normal",20,,0,,
"PP [L] PPL","23 Aug 2025, 12:26","23 Aug 2025, 13:30","","Farmers Walk",,"",2,"normal",20,,0,,
"PP [L] PPL","23 Aug 2025, 12:26","23 Aug 2025, 13:30","","Leg Press (Machine)",,"",0,"normal",110,8,,,
"PP [L] PPL","23 Aug 2025, 12:26","23 Aug 2025, 13:30","","Leg Press (Machine)",,"",1,"normal",90,12,,,
"PP [L] PPL","23 Aug 2025, 12:26","23 Aug 2025, 13:30","","Leg Press (Machine)",,"",2,"normal",90,12,,,
"PP [L] PPL","23 Aug 2025, 12:26","23 Aug 2025, 13:30","","Elliptical Trainer",,"",0,"normal",,,0.45,300,
"PP [L] PPL","23 Aug 2025, 12:26","23 Aug 2025, 13:30","","Elliptical Trainer",,"",1,"normal",,,1.3,900,
"P [P] LPPL","22 Aug 2025, 20:13","22 Aug 2025, 21:06","","Lat Pulldown (Cable)",,"",0,"normal",7,14,,,
"P [P] LPPL","22 Aug 2025, 20:13","22 Aug 2025, 21:06","","Lat Pulldown (Cable)",,"",1,"normal",7,12,,,
"P [P] LPPL","22 Aug 2025, 20:13","22 Aug 2025, 21:06","","Lat Pulldown (Cable)",,"",2,"normal",8,7,,,
"P [P] LPPL","22 Aug 2025, 20:13","22 Aug 2025, 21:06","","Lat Pulldown (Cable)",,"",3,"normal",7,10,,,
"P [P] LPPL","22 Aug 2025, 20:13","22 Aug 2025, 21:06","","Seated Cable Row - Bar Grip",,"",0,"normal",8,14,,,
"P [P] LPPL","22 Aug 2025, 20:13","22 Aug 2025, 21:06","","Seated Cable Row - Bar Grip",,"",1,"normal",8,14,,,
"P [P] LPPL","22 Aug 2025, 20:13","22 Aug 2025, 21:06","","Seated Cable Row - Bar Grip",,"",2,"normal",9,14,,,
"P [P] LPPL","22 Aug 2025, 20:13","22 Aug 2025, 21:06","","Dumbbell Row",,"",0,"normal",15,16,,,
"P [P] LPPL","22 Aug 2025, 20:13","22 Aug 2025, 21:06","","Dumbbell Row",,"",1,"normal",15,15,,,
"P [P] LPPL","22 Aug 2025, 20:13","22 Aug 2025, 21:06","","Dumbbell Row",,"",2,"normal",15,11,,,
"P [P] LPPL","22 Aug 2025, 20:13","22 Aug 2025, 21:06","","Rear Delt Reverse Fly (Machine)",,"",0,"normal",40,14,,,
"P [P] LPPL","22 Aug 2025, 20:13","22 Aug 2025, 21:06","","Rear Delt Reverse Fly (Machine)",,"",1,"normal",40,14,,,
"P [P] LPPL","22 Aug 2025, 20:13","22 Aug 2025, 21:06","","Rear Delt Reverse Fly (Machine)",,"",2,"normal",40,10,,,
"P [P] LPPL","22 Aug 2025, 20:13","22 Aug 2025, 21:06","","Bicep Curl (Dumbbell)",,"",0,"normal",7.5,8,,,
"P [P] LPPL","22 Aug 2025, 20:13","22 Aug 2025, 21:06","","Bicep Curl (Dumbbell)",,"",1,"normal",7.5,9,,,
"P [P] LPPL","22 Aug 2025, 20:13","22 Aug 2025, 21:06","","Seated Palms Up Wrist Curl",,"",0,"normal",7.5,14,,,
"P [P] LPPL","22 Aug 2025, 20:13","22 Aug 2025, 21:06","","Seated Palms Up Wrist Curl",,"",1,"normal",7.5,14,,,
"P [P] LPPL","22 Aug 2025, 20:13","22 Aug 2025, 21:06","","Seated Palms Up Wrist Curl",,"",2,"normal",5,28,,,
"P [P] LPPL","22 Aug 2025, 20:13","22 Aug 2025, 21:06","","Seated Incline Curl (Dumbbell)",,"",0,"normal",5,12,,,
"P [P] LPPL","22 Aug 2025, 20:13","22 Aug 2025, 21:06","","Seated Incline Curl (Dumbbell)",,"",1,"normal",5,11,,,
"P [P] LPPL","22 Aug 2025, 20:13","22 Aug 2025, 21:06","","Preacher Curl (Dumbbell)",,"",0,"normal",22.7,12,,,
"P [P] LPPL","22 Aug 2025, 20:13","22 Aug 2025, 21:06","","Preacher Curl (Dumbbell)",,"",1,"normal",30,7,,,
"P [P] LPPL","22 Aug 2025, 20:13","22 Aug 2025, 21:06","","Preacher Curl (Dumbbell)",,"",2,"normal",22.7,7,,,
"Push A","21 Aug 2025, 20:00","21 Aug 2025, 20:58","","Bench Press (Dumbbell)",,"",0,"normal",5,12,,,
"Push A","21 Aug 2025, 20:00","21 Aug 2025, 20:58","","Bench Press (Dumbbell)",,"",1,"normal",5,18,,,
"Push A","21 Aug 2025, 20:00","21 Aug 2025, 20:58","","Bench Press (Dumbbell)",,"",2,"normal",5,12,,,
"Push A","21 Aug 2025, 20:00","21 Aug 2025, 20:58","","Incline Bench Press (Dumbbell)",,"",0,"normal",5,16,,,
"Push A","21 Aug 2025, 20:00","21 Aug 2025, 20:58","","Incline Bench Press (Dumbbell)",,"",1,"normal",5,16,,,
"Push A","21 Aug 2025, 20:00","21 Aug 2025, 20:58","","Incline Bench Press (Dumbbell)",,"",2,"normal",7.5,8,,,
"Push A","21 Aug 2025, 20:00","21 Aug 2025, 20:58","","Butterfly (Pec Deck)",,"",0,"normal",55,12,,,
"Push A","21 Aug 2025, 20:00","21 Aug 2025, 20:58","","Butterfly (Pec Deck)",,"",1,"normal",55,8,,,
"Push A","21 Aug 2025, 20:00","21 Aug 2025, 20:58","","Butterfly (Pec Deck)",,"",2,"normal",55,8,,,
"Push A","21 Aug 2025, 20:00","21 Aug 2025, 20:58","","Triceps Pushdown",,"",0,"normal",3,16,,,
"Push A","21 Aug 2025, 20:00","21 Aug 2025, 20:58","","Triceps Pushdown",,"",1,"normal",3,15,,,
"Push A","21 Aug 2025, 20:00","21 Aug 2025, 20:58","","Triceps Pushdown",,"",2,"normal",3,13,,,
"Push A","21 Aug 2025, 20:00","21 Aug 2025, 20:58","","Triceps Extension (Cable)",,"",0,"normal",2.5,14,,,
"Push A","21 Aug 2025, 20:00","21 Aug 2025, 20:58","","Triceps Extension (Cable)",,"",1,"normal",7.5,10,,,
"Push A","21 Aug 2025, 20:00","21 Aug 2025, 20:58","","Triceps Extension (Dumbbell)",,"",0,"normal",2.5,12,,,
"Push A","21 Aug 2025, 20:00","21 Aug 2025, 20:58","","Triceps Extension (Dumbbell)",,"",1,"normal",2.5,12,,,
"Push A","21 Aug 2025, 20:00","21 Aug 2025, 20:58","","Triceps Extension (Dumbbell)",,"",2,"normal",5,12,,,
"Push A","21 Aug 2025, 20:00","21 Aug 2025, 20:58","","Shoulder Press (Dumbbell)",,"",0,"normal",7.5,12,,,
"Push A","21 Aug 2025, 20:00","21 Aug 2025, 20:58","","Shoulder Press (Dumbbell)",,"",1,"normal",7.5,11,,,
"Push A","21 Aug 2025, 20:00","21 Aug 2025, 20:58","","Shoulder Press (Dumbbell)",,"",2,"normal",7.5,9,,,
"Push A","21 Aug 2025, 20:00","21 Aug 2025, 20:58","","Lateral Raise (Dumbbell)",,"",0,"normal",2.5,14,,,
"Push A","21 Aug 2025, 20:00","21 Aug 2025, 20:58","","Lateral Raise (Dumbbell)",,"",1,"normal",2.5,14,,,
"Push A","21 Aug 2025, 20:00","21 Aug 2025, 20:58","","Lateral Raise (Dumbbell)",,"",2,"normal",5,10,,,
"Push A","21 Aug 2025, 20:00","21 Aug 2025, 20:58","","Front Raise (Dumbbell)",,"",0,"normal",5,20,,,
"Push A","21 Aug 2025, 20:00","21 Aug 2025, 20:58","","Front Raise (Dumbbell)",,"",1,"normal",5,20,,,
"Push A","21 Aug 2025, 20:00","21 Aug 2025, 20:58","","Front Raise (Dumbbell)",,"",2,"normal",7.5,8,,,
"Lower body","20 Aug 2025, 19:56","20 Aug 2025, 20:56","","Leg Press (Machine)",,"",0,"normal",110,16,,,
"Lower body","20 Aug 2025, 19:56","20 Aug 2025, 20:56","","Leg Press (Machine)",,"",1,"normal",110,16,,,
"Lower body","20 Aug 2025, 19:56","20 Aug 2025, 20:56","","Leg Press (Machine)",,"",2,"normal",110,16,,,
"Lower body","20 Aug 2025, 19:56","20 Aug 2025, 20:56","","Leg Press (Machine)",,"",3,"normal",110,16,,,
"Lower body","20 Aug 2025, 19:56","20 Aug 2025, 20:56","","Leg Press (Machine)",,"",4,"normal",110,16,,,
"Lower body","20 Aug 2025, 19:56","20 Aug 2025, 20:56","","Goblet Squat",,"",0,"normal",15,14,,,
"Lower body","20 Aug 2025, 19:56","20 Aug 2025, 20:56","","Goblet Squat",,"",1,"normal",15,14,,,
"Lower body","20 Aug 2025, 19:56","20 Aug 2025, 20:56","","Goblet Squat",,"",2,"normal",15,10,,,
"Lower body","20 Aug 2025, 19:56","20 Aug 2025, 20:56","","Goblet Squat",,"",3,"normal",15,10,,,
"Lower body","20 Aug 2025, 19:56","20 Aug 2025, 20:56","","Standing Calf Raise (Dumbbell)",,"",0,"normal",15,20,,,
"Lower body","20 Aug 2025, 19:56","20 Aug 2025, 20:56","","Standing Calf Raise (Dumbbell)",,"",1,"normal",15,20,,,
"Lower body","20 Aug 2025, 19:56","20 Aug 2025, 20:56","","Standing Calf Raise (Dumbbell)",,"",2,"normal",15,20,,,
"Lower body","20 Aug 2025, 19:56","20 Aug 2025, 20:56","","Standing Calf Raise (Dumbbell)",,"",3,"normal",15,20,,,
"Lower body","20 Aug 2025, 19:56","20 Aug 2025, 20:56","","Hip Abduction (Machine)",,"",0,"normal",60,12,,,
"Lower body","20 Aug 2025, 19:56","20 Aug 2025, 20:56","","Hip Abduction (Machine)",,"",1,"normal",60,14,,,
"Lower body","20 Aug 2025, 19:56","20 Aug 2025, 20:56","","Hip Abduction (Machine)",,"",2,"normal",60,16,,,
"Lower body","20 Aug 2025, 19:56","20 Aug 2025, 20:56","","Hip Adduction (Machine)",,"",0,"normal",75,16,,,
"Lower body","20 Aug 2025, 19:56","20 Aug 2025, 20:56","","Hip Adduction (Machine)",,"",1,"normal",75,12,,,
"Lower body","20 Aug 2025, 19:56","20 Aug 2025, 20:56","","Elliptical Trainer",,"",0,"normal",,,0.45,300,
"Lower body","20 Aug 2025, 19:56","20 Aug 2025, 20:56","","Elliptical Trainer",,"",1,"normal",,,1.4,820,
"Upper body","18 Aug 2025, 20:00","18 Aug 2025, 21:13","","Lat Pulldown (Cable)",,"",0,"normal",8,16,,,
"Upper body","18 Aug 2025, 20:00","18 Aug 2025, 21:13","","Lat Pulldown (Cable)",,"",1,"normal",8,12,,,
"Upper body","18 Aug 2025, 20:00","18 Aug 2025, 21:13","","Lat Pulldown (Cable)",,"",2,"normal",8,8,,,
"Upper body","18 Aug 2025, 20:00","18 Aug 2025, 21:13","","Lat Pulldown (Cable)",,"",3,"normal",9,5,,,
"Upper body","18 Aug 2025, 20:00","18 Aug 2025, 21:13","","Seated Cable Row - Bar Grip",,"",0,"normal",9,14,,,
"Upper body","18 Aug 2025, 20:00","18 Aug 2025, 21:13","","Seated Cable Row - Bar Grip",,"",1,"normal",9,13,,,
"Upper body","18 Aug 2025, 20:00","18 Aug 2025, 21:13","","Seated Cable Row - Bar Grip",,"",2,"normal",9,13,,,
"Upper body","18 Aug 2025, 20:00","18 Aug 2025, 21:13","","Seated Cable Row - Bar Grip",,"",3,"normal",9,13,,,
"Upper body","18 Aug 2025, 20:00","18 Aug 2025, 21:13","","Bench Press (Dumbbell)",,"",0,"normal",7.5,20,,,
"Upper body","18 Aug 2025, 20:00","18 Aug 2025, 21:13","","Bench Press (Dumbbell)",,"",1,"normal",7.5,12,,,
"Upper body","18 Aug 2025, 20:00","18 Aug 2025, 21:13","","Bench Press (Dumbbell)",,"",2,"normal",7.5,13,,,
"Upper body","18 Aug 2025, 20:00","18 Aug 2025, 21:13","","Bench Press (Dumbbell)",,"",3,"normal",7.5,12,,,
"Upper body","18 Aug 2025, 20:00","18 Aug 2025, 21:13","","Seated Palms Up Wrist Curl",,"",0,"normal",7.5,23,,,
"Upper body","18 Aug 2025, 20:00","18 Aug 2025, 21:13","","Seated Palms Up Wrist Curl",,"",1,"normal",7.5,16,,,
"Upper body","18 Aug 2025, 20:00","18 Aug 2025, 21:13","","Seated Palms Up Wrist Curl",,"",2,"normal",7.5,14,,,
"Upper body","18 Aug 2025, 20:00","18 Aug 2025, 21:13","","Seated Palms Up Wrist Curl",,"",3,"normal",7.5,17,,,
"Upper body","18 Aug 2025, 20:00","18 Aug 2025, 21:13","","Dumbbell Row",,"",0,"normal",15,14,,,
"Upper body","18 Aug 2025, 20:00","18 Aug 2025, 21:13","","Dumbbell Row",,"",1,"normal",15,13,,,
"Upper body","18 Aug 2025, 20:00","18 Aug 2025, 21:13","","Dumbbell Row",,"",2,"normal",15,13,,,
"Upper body","18 Aug 2025, 20:00","18 Aug 2025, 21:13","","Dumbbell Row",,"",3,"normal",15,12,,,
"Upper body","18 Aug 2025, 20:00","18 Aug 2025, 21:13","","Overhead Press (Dumbbell)",,"",0,"normal",7.5,16,,,
"Upper body","18 Aug 2025, 20:00","18 Aug 2025, 21:13","","Overhead Press (Dumbbell)",,"",1,"normal",7.5,14,,,
"Upper body","18 Aug 2025, 20:00","18 Aug 2025, 21:13","","Overhead Press (Dumbbell)",,"",2,"normal",7.5,12,,,
"Upper body","18 Aug 2025, 20:00","18 Aug 2025, 21:13","","Bicep Curl (Dumbbell)",,"",0,"normal",7.5,6,,,
"Upper body","18 Aug 2025, 20:00","18 Aug 2025, 21:13","","Elliptical Trainer",,"",0,"normal",,,1,900,
"Upper body","18 Aug 2025, 20:00","18 Aug 2025, 21:13","","Triceps Pushdown",,"",0,"normal",3,12,,,
"Upper body","18 Aug 2025, 20:00","18 Aug 2025, 21:13","","Triceps Pushdown",,"",1,"normal",4,4,,,
"Upper body","18 Aug 2025, 20:00","18 Aug 2025, 21:13","","Triceps Pushdown",,"",2,"normal",3,12,,,
"Upper body","18 Aug 2025, 20:00","18 Aug 2025, 21:13","","Triceps Pushdown",,"",3,"normal",3,10,,,
"Lower body","17 Aug 2025, 13:33","17 Aug 2025, 14:31","","Leg Press (Machine)",,"Took it easy today, at position 8",0,"normal",70,14,,,
"Lower body","17 Aug 2025, 13:33","17 Aug 2025, 14:31","","Leg Press (Machine)",,"Took it easy today, at position 8",1,"normal",90,14,,,
"Lower body","17 Aug 2025, 13:33","17 Aug 2025, 14:31","","Leg Press (Machine)",,"Took it easy today, at position 8",2,"normal",110,14,,,
"Lower body","17 Aug 2025, 13:33","17 Aug 2025, 14:31","","Seated Leg Curl (Machine)",,"",0,"normal",8,12,,,
"Lower body","17 Aug 2025, 13:33","17 Aug 2025, 14:31","","Seated Leg Curl (Machine)",,"",1,"normal",8,12,,,
"Lower body","17 Aug 2025, 13:33","17 Aug 2025, 14:31","","Seated Leg Curl (Machine)",,"",2,"normal",8,12,,,
"Lower body","17 Aug 2025, 13:33","17 Aug 2025, 14:31","","Lying Leg Curl (Machine)",,"",0,"normal",5,12,,,
"Lower body","17 Aug 2025, 13:33","17 Aug 2025, 14:31","","Lying Leg Curl (Machine)",,"",1,"normal",4,12,,,
"Lower body","17 Aug 2025, 13:33","17 Aug 2025, 14:31","","Lying Leg Curl (Machine)",,"",2,"normal",4,10,,,
"Lower body","17 Aug 2025, 13:33","17 Aug 2025, 14:31","","Goblet Squat",,"",0,"normal",12.5,16,,,
"Lower body","17 Aug 2025, 13:33","17 Aug 2025, 14:31","","Goblet Squat",,"",1,"normal",12.5,16,,,
"Lower body","17 Aug 2025, 13:33","17 Aug 2025, 14:31","","Goblet Squat",,"",2,"normal",12.5,10,,,
"Lower body","17 Aug 2025, 13:33","17 Aug 2025, 14:31","","Standing Calf Raise (Dumbbell)",,"",0,"normal",12.5,20,,,
"Lower body","17 Aug 2025, 13:33","17 Aug 2025, 14:31","","Standing Calf Raise (Dumbbell)",,"",1,"normal",12.5,20,,,
"Lower body","17 Aug 2025, 13:33","17 Aug 2025, 14:31","","Romanian Deadlift (Dumbbell)",,"",0,"normal",5,14,,,
"Lower body","17 Aug 2025, 13:33","17 Aug 2025, 14:31","","Romanian Deadlift (Dumbbell)",,"",1,"normal",5,14,,,
"Lower body","17 Aug 2025, 13:33","17 Aug 2025, 14:31","","Romanian Deadlift (Dumbbell)",,"",2,"normal",5,14,,,
"Lower body","17 Aug 2025, 13:33","17 Aug 2025, 14:31","","Hip Abduction (Machine)",,"",0,"normal",45,16,,,
"Lower body","17 Aug 2025, 13:33","17 Aug 2025, 14:31","","Hip Abduction (Machine)",,"",1,"normal",45,14,,,
"Lower body","17 Aug 2025, 13:33","17 Aug 2025, 14:31","","Hip Adduction (Machine)",,"",0,"normal",60,12,,,
"Lower body","17 Aug 2025, 13:33","17 Aug 2025, 14:31","","Hip Adduction (Machine)",,"",1,"normal",60,12,,,
"Lower body","17 Aug 2025, 13:33","17 Aug 2025, 14:31","","Elliptical Trainer",,"",0,"normal",,,0.45,300,
"Lower body","17 Aug 2025, 13:33","17 Aug 2025, 14:31","","Elliptical Trainer",,"",1,"normal",,,0.9,600,
"Upper body","16 Aug 2025, 13:47","16 Aug 2025, 14:49","","Lat Pulldown (Cable)",,"",0,"normal",8,7,,,
"Upper body","16 Aug 2025, 13:47","16 Aug 2025, 14:49","","Lat Pulldown (Cable)",,"",1,"normal",7,7,,,
"Upper body","16 Aug 2025, 13:47","16 Aug 2025, 14:49","","Seated Cable Row - Bar Grip",,"",0,"normal",7,14,,,
"Upper body","16 Aug 2025, 13:47","16 Aug 2025, 14:49","","Seated Cable Row - Bar Grip",,"",1,"normal",7,12,,,
"Upper body","16 Aug 2025, 13:47","16 Aug 2025, 14:49","","Bench Press (Dumbbell)",,"",0,"normal",7.5,19,,,
"Upper body","16 Aug 2025, 13:47","16 Aug 2025, 14:49","","Bench Press (Dumbbell)",,"",1,"normal",7.5,19,,,
"Upper body","16 Aug 2025, 13:47","16 Aug 2025, 14:49","","Bench Press (Dumbbell)",,"",2,"normal",7.5,17,,,
"Upper body","16 Aug 2025, 13:47","16 Aug 2025, 14:49","","Bench Press (Dumbbell)",,"",3,"normal",7.5,14,,,
"Upper body","16 Aug 2025, 13:47","16 Aug 2025, 14:49","","Seated Palms Up Wrist Curl",,"",0,"normal",7.5,21,,,
"Upper body","16 Aug 2025, 13:47","16 Aug 2025, 14:49","","Seated Palms Up Wrist Curl",,"",1,"normal",7.5,21,,,
"Upper body","16 Aug 2025, 13:47","16 Aug 2025, 14:49","","Seated Palms Up Wrist Curl",,"",2,"normal",7.5,16,,,
"Upper body","16 Aug 2025, 13:47","16 Aug 2025, 14:49","","Seated Palms Up Wrist Curl",,"",3,"normal",7.5,15,,,
"Upper body","16 Aug 2025, 13:47","16 Aug 2025, 14:49","","Dumbbell Row",,"",0,"normal",15,14,,,
"Upper body","16 Aug 2025, 13:47","16 Aug 2025, 14:49","","Dumbbell Row",,"",1,"normal",15,15,,,
"Upper body","16 Aug 2025, 13:47","16 Aug 2025, 14:49","","Dumbbell Row",,"",2,"normal",15,14,,,
"Upper body","16 Aug 2025, 13:47","16 Aug 2025, 14:49","","Dumbbell Row",,"",3,"normal",15,10,,,
"Upper body","16 Aug 2025, 13:47","16 Aug 2025, 14:49","","Shrug (Dumbbell)",,"",0,"normal",15,12,,,
"Upper body","16 Aug 2025, 13:47","16 Aug 2025, 14:49","","Skullcrusher (Dumbbell)",,"",0,"normal",5,5,,,
"Upper body","16 Aug 2025, 13:47","16 Aug 2025, 14:49","","Skullcrusher (Dumbbell)",,"",1,"normal",2.5,17,,,
"Upper body","16 Aug 2025, 13:47","16 Aug 2025, 14:49","","Reverse Curl (Dumbbell)",,"",0,"normal",5,10,,,
"Upper body","16 Aug 2025, 13:47","16 Aug 2025, 14:49","","Reverse Curl (Dumbbell)",,"",1,"normal",5,12,,,
"Upper body","16 Aug 2025, 13:47","16 Aug 2025, 14:49","","Front Raise (Dumbbell)",,"",0,"normal",7.5,7,,,
"Upper body","16 Aug 2025, 13:47","16 Aug 2025, 14:49","","Front Raise (Dumbbell)",,"",1,"normal",7.5,7,,,
"Upper body","16 Aug 2025, 13:47","16 Aug 2025, 14:49","","Front Raise (Dumbbell)",,"",2,"normal",7.5,7,,,
"Upper body","16 Aug 2025, 13:47","16 Aug 2025, 14:49","","Front Raise (Dumbbell)",,"",3,"normal",5,12,,,
"Upper body","16 Aug 2025, 13:47","16 Aug 2025, 14:49","","Hammer Curl (Dumbbell)",,"",0,"normal",7.5,10,,,
"Upper body","16 Aug 2025, 13:47","16 Aug 2025, 14:49","","Hammer Curl (Dumbbell)",,"",1,"normal",7.5,10,,,
"Upper body","16 Aug 2025, 13:47","16 Aug 2025, 14:49","","Hammer Curl (Dumbbell)",,"",2,"normal",7.5,7,,,
"Upper body","16 Aug 2025, 13:47","16 Aug 2025, 14:49","","Overhead Press (Dumbbell)",,"",0,"normal",7.5,12,,,
"Upper body","16 Aug 2025, 13:47","16 Aug 2025, 14:49","","Overhead Press (Dumbbell)",,"",1,"normal",7.5,12,,,
"Upper body","16 Aug 2025, 13:47","16 Aug 2025, 14:49","","Overhead Press (Dumbbell)",,"",2,"normal",5,14,,,
"Lower body","15 Aug 2025, 20:01","15 Aug 2025, 21:00","","Seated Leg Curl (Machine)",,"",0,"normal",8,12,,,
"Lower body","15 Aug 2025, 20:01","15 Aug 2025, 21:00","","Seated Leg Curl (Machine)",,"",1,"normal",8,14,,,
"Lower body","15 Aug 2025, 20:01","15 Aug 2025, 21:00","","Seated Leg Curl (Machine)",,"",2,"normal",8,14,,,
"Lower body","15 Aug 2025, 20:01","15 Aug 2025, 21:00","","Lying Leg Curl (Machine)",,"",0,"normal",5,14,,,
"Lower body","15 Aug 2025, 20:01","15 Aug 2025, 21:00","","Lying Leg Curl (Machine)",,"",1,"normal",5,14,,,
"Lower body","15 Aug 2025, 20:01","15 Aug 2025, 21:00","","Lying Leg Curl (Machine)",,"",2,"normal",5,10,,,
"Lower body","15 Aug 2025, 20:01","15 Aug 2025, 21:00","","Goblet Squat",,"",0,"normal",15,12,,,
"Lower body","15 Aug 2025, 20:01","15 Aug 2025, 21:00","","Goblet Squat",,"",1,"normal",15,12,,,
"Lower body","15 Aug 2025, 20:01","15 Aug 2025, 21:00","","Goblet Squat",,"",2,"normal",15,14,,,
"Lower body","15 Aug 2025, 20:01","15 Aug 2025, 21:00","","Goblet Squat",,"",3,"normal",15,14,,,
"Lower body","15 Aug 2025, 20:01","15 Aug 2025, 21:00","","Standing Calf Raise (Dumbbell)",,"",0,"normal",15,20,,,
"Lower body","15 Aug 2025, 20:01","15 Aug 2025, 21:00","","Standing Calf Raise (Dumbbell)",,"",1,"normal",15,20,,,
"Lower body","15 Aug 2025, 20:01","15 Aug 2025, 21:00","","Standing Calf Raise (Dumbbell)",,"",2,"normal",15,20,,,
"Lower body","15 Aug 2025, 20:01","15 Aug 2025, 21:00","","Romanian Deadlift (Dumbbell)",,"",0,"normal",7.5,8,,,
"Lower body","15 Aug 2025, 20:01","15 Aug 2025, 21:00","","Romanian Deadlift (Dumbbell)",,"",1,"normal",7.5,7,,,
"Lower body","15 Aug 2025, 20:01","15 Aug 2025, 21:00","","Hip Abduction (Machine)",,"",0,"normal",60,12,,,
"Lower body","15 Aug 2025, 20:01","15 Aug 2025, 21:00","","Hip Abduction (Machine)",,"",1,"normal",60,12,,,
"Lower body","15 Aug 2025, 20:01","15 Aug 2025, 21:00","","Hip Abduction (Machine)",,"",2,"normal",60,14,,,
"Lower body","15 Aug 2025, 20:01","15 Aug 2025, 21:00","","Hip Adduction (Machine)",,"",0,"normal",75,13,,,
"Lower body","15 Aug 2025, 20:01","15 Aug 2025, 21:00","","Hip Adduction (Machine)",,"",1,"normal",75,14,,,
"Lower body","15 Aug 2025, 20:01","15 Aug 2025, 21:00","","Hip Adduction (Machine)",,"",2,"normal",75,10,,,
"Lower body","15 Aug 2025, 20:01","15 Aug 2025, 21:00","","Elliptical Trainer",,"",0,"normal",,,0.45,300,
"Lower body","15 Aug 2025, 20:01","15 Aug 2025, 21:00","","Elliptical Trainer",,"",1,"normal",,,0.8,540,
"Upper body","13 Aug 2025, 20:00","13 Aug 2025, 21:09","","Lat Pulldown (Cable)",,"",0,"normal",8,14,,,
"Upper body","13 Aug 2025, 20:00","13 Aug 2025, 21:09","","Lat Pulldown (Cable)",,"",1,"normal",8,12,,,
"Upper body","13 Aug 2025, 20:00","13 Aug 2025, 21:09","","Lat Pulldown (Cable)",,"",2,"normal",8,9,,,
"Upper body","13 Aug 2025, 20:00","13 Aug 2025, 21:09","","Lat Pulldown (Cable)",,"",3,"normal",7,10,,,
"Upper body","13 Aug 2025, 20:00","13 Aug 2025, 21:09","","Lat Pulldown (Cable)",,"",4,"normal",7,10,,,
"Upper body","13 Aug 2025, 20:00","13 Aug 2025, 21:09","","Seated Cable Row - Bar Grip",,"",0,"normal",8,14,,,
"Upper body","13 Aug 2025, 20:00","13 Aug 2025, 21:09","","Seated Cable Row - Bar Grip",,"",1,"normal",8,14,,,
"Upper body","13 Aug 2025, 20:00","13 Aug 2025, 21:09","","Seated Cable Row - Bar Grip",,"",2,"normal",8,13,,,
"Upper body","13 Aug 2025, 20:00","13 Aug 2025, 21:09","","Seated Cable Row - Bar Grip",,"",3,"normal",8,13,,,
"Upper body","13 Aug 2025, 20:00","13 Aug 2025, 21:09","","Seated Cable Row - Bar Grip",,"",4,"normal",9,6,,,
"Upper body","13 Aug 2025, 20:00","13 Aug 2025, 21:09","","Seated Palms Up Wrist Curl",,"",0,"normal",7.5,19,,,
"Upper body","13 Aug 2025, 20:00","13 Aug 2025, 21:09","","Seated Palms Up Wrist Curl",,"",1,"normal",7.5,18,,,
"Upper body","13 Aug 2025, 20:00","13 Aug 2025, 21:09","","Seated Palms Up Wrist Curl",,"",2,"normal",7.5,12,,,
"Upper body","13 Aug 2025, 20:00","13 Aug 2025, 21:09","","Lateral Raise (Dumbbell)",,"",0,"normal",5,11,,,
"Upper body","13 Aug 2025, 20:00","13 Aug 2025, 21:09","","Lateral Raise (Dumbbell)",,"",1,"normal",5,8,,,
"Upper body","13 Aug 2025, 20:00","13 Aug 2025, 21:09","","Lateral Raise (Dumbbell)",,"",2,"normal",5,8,,,
"Upper body","13 Aug 2025, 20:00","13 Aug 2025, 21:09","","Hammer Curl (Dumbbell)",,"",0,"normal",5,20,,,
"Upper body","13 Aug 2025, 20:00","13 Aug 2025, 21:09","","Hammer Curl (Dumbbell)",,"",1,"normal",7.5,7,,,
"Upper body","13 Aug 2025, 20:00","13 Aug 2025, 21:09","","Hammer Curl (Dumbbell)",,"",2,"normal",7.5,7,,,
"Upper body","13 Aug 2025, 20:00","13 Aug 2025, 21:09","","Overhead Press (Dumbbell)",,"",0,"normal",7.5,12,,,
"Upper body","13 Aug 2025, 20:00","13 Aug 2025, 21:09","","Overhead Press (Dumbbell)",,"",1,"normal",7.5,12,,,
"Upper body","13 Aug 2025, 20:00","13 Aug 2025, 21:09","","Overhead Press (Dumbbell)",,"",2,"normal",5,20,,,
"Upper body","13 Aug 2025, 20:00","13 Aug 2025, 21:09","","Overhead Press (Dumbbell)",,"",3,"normal",5,10,,,
"Upper body","13 Aug 2025, 20:00","13 Aug 2025, 21:09","","Butterfly (Pec Deck)",,"",0,"normal",55,18,,,
"Upper body","13 Aug 2025, 20:00","13 Aug 2025, 21:09","","Butterfly (Pec Deck)",,"",1,"normal",55,16,,,
"Upper body","13 Aug 2025, 20:00","13 Aug 2025, 21:09","","Butterfly (Pec Deck)",,"",2,"normal",55,19,,,
"Upper body","13 Aug 2025, 20:00","13 Aug 2025, 21:09","","Butterfly (Pec Deck)",,"",3,"normal",55,12,,,
"Upper body","13 Aug 2025, 20:00","13 Aug 2025, 21:09","","Rear Delt Reverse Fly (Machine)",,"",0,"normal",40,14,,,
"Upper body","13 Aug 2025, 20:00","13 Aug 2025, 21:09","","Rear Delt Reverse Fly (Machine)",,"",1,"normal",40,13,,,
"Upper body","13 Aug 2025, 20:00","13 Aug 2025, 21:09","","Rear Delt Reverse Fly (Machine)",,"",2,"normal",40,10,,,
"Upper body","13 Aug 2025, 20:00","13 Aug 2025, 21:09","","Rear Delt Reverse Fly (Machine)",,"",3,"normal",40,6,,,
"Upper body","13 Aug 2025, 20:00","13 Aug 2025, 21:09","","Treadmill",,"",0,"normal",,,0.35,300,
"Lower body","12 Aug 2025, 19:51","12 Aug 2025, 21:00","","Seated Leg Curl (Machine)",,"",0,"normal",7,12,,,
"Lower body","12 Aug 2025, 19:51","12 Aug 2025, 21:00","","Seated Leg Curl (Machine)",,"",1,"normal",5,16,,,
"Lower body","12 Aug 2025, 19:51","12 Aug 2025, 21:00","","Seated Leg Curl (Machine)",,"",2,"normal",5,8,,,
"Lower body","12 Aug 2025, 19:51","12 Aug 2025, 21:00","","Lying Leg Curl (Machine)",,"",0,"normal",3,14,,,
"Lower body","12 Aug 2025, 19:51","12 Aug 2025, 21:00","","Lying Leg Curl (Machine)",,"",1,"normal",3,14,,,
"Lower body","12 Aug 2025, 19:51","12 Aug 2025, 21:00","","Lying Leg Curl (Machine)",,"",2,"normal",3,8,,,
"Lower body","12 Aug 2025, 19:51","12 Aug 2025, 21:00","","Goblet Squat",,"",0,"normal",15,12,,,
"Lower body","12 Aug 2025, 19:51","12 Aug 2025, 21:00","","Goblet Squat",,"",1,"normal",15,12,,,
"Lower body","12 Aug 2025, 19:51","12 Aug 2025, 21:00","","Goblet Squat",,"",2,"normal",15,8,,,
"Lower body","12 Aug 2025, 19:51","12 Aug 2025, 21:00","","Standing Calf Raise (Dumbbell)",,"",0,"normal",15,20,,,
"Lower body","12 Aug 2025, 19:51","12 Aug 2025, 21:00","","Standing Calf Raise (Dumbbell)",,"",1,"normal",15,20,,,
"Lower body","12 Aug 2025, 19:51","12 Aug 2025, 21:00","","Standing Calf Raise (Dumbbell)",,"",2,"normal",15,20,,,
"Lower body","12 Aug 2025, 19:51","12 Aug 2025, 21:00","","Romanian Deadlift (Dumbbell)",,"",0,"normal",7.5,13,,,
"Lower body","12 Aug 2025, 19:51","12 Aug 2025, 21:00","","Romanian Deadlift (Dumbbell)",,"",1,"normal",7.5,10,,,
"Lower body","12 Aug 2025, 19:51","12 Aug 2025, 21:00","","Romanian Deadlift (Dumbbell)",,"",2,"normal",7.5,10,,,
"Lower body","12 Aug 2025, 19:51","12 Aug 2025, 21:00","","Hip Abduction (Machine)",,"",0,"normal",60,6,,,
"Lower body","12 Aug 2025, 19:51","12 Aug 2025, 21:00","","Hip Abduction (Machine)",,"",1,"normal",45,14,,,
"Lower body","12 Aug 2025, 19:51","12 Aug 2025, 21:00","","Hip Abduction (Machine)",,"",2,"normal",45,14,,,
"Lower body","12 Aug 2025, 19:51","12 Aug 2025, 21:00","","Hip Adduction (Machine)",,"",0,"normal",60,12,,,
"Lower body","12 Aug 2025, 19:51","12 Aug 2025, 21:00","","Hip Adduction (Machine)",,"",1,"normal",60,12,,,
"Lower body","12 Aug 2025, 19:51","12 Aug 2025, 21:00","","Hip Adduction (Machine)",,"",2,"normal",60,12,,,
"Lower body","12 Aug 2025, 19:51","12 Aug 2025, 21:00","","Elliptical Trainer",,"",0,"normal",,,0.45,300,
"Lower body","12 Aug 2025, 19:51","12 Aug 2025, 21:00","","Elliptical Trainer",,"",1,"normal",,,2.12,1380,
"Upper body","11 Aug 2025, 20:08","11 Aug 2025, 21:01","","Bench Press (Dumbbell)",,"",0,"normal",7.5,18,,,
"Upper body","11 Aug 2025, 20:08","11 Aug 2025, 21:01","","Bench Press (Dumbbell)",,"",1,"normal",7.5,18,,,
"Upper body","11 Aug 2025, 20:08","11 Aug 2025, 21:01","","Bench Press (Dumbbell)",,"",2,"normal",7.5,17,,,
"Upper body","11 Aug 2025, 20:08","11 Aug 2025, 21:01","","Bench Press (Dumbbell)",,"",3,"normal",7.5,16,,,
"Upper body","11 Aug 2025, 20:08","11 Aug 2025, 21:01","","Seated Palms Up Wrist Curl",,"",0,"normal",7.5,18,,,
"Upper body","11 Aug 2025, 20:08","11 Aug 2025, 21:01","","Seated Palms Up Wrist Curl",,"",1,"normal",7.5,18,,,
"Upper body","11 Aug 2025, 20:08","11 Aug 2025, 21:01","","Seated Palms Up Wrist Curl",,"",2,"normal",7.5,18,,,
"Upper body","11 Aug 2025, 20:08","11 Aug 2025, 21:01","","Seated Palms Up Wrist Curl",,"",3,"normal",7.5,14,,,
"Upper body","11 Aug 2025, 20:08","11 Aug 2025, 21:01","","Dumbbell Row",,"",0,"normal",15,15,,,
"Upper body","11 Aug 2025, 20:08","11 Aug 2025, 21:01","","Dumbbell Row",,"",1,"normal",15,14,,,
"Upper body","11 Aug 2025, 20:08","11 Aug 2025, 21:01","","Dumbbell Row",,"",2,"normal",15,12,,,
"Upper body","11 Aug 2025, 20:08","11 Aug 2025, 21:01","","Skullcrusher (Dumbbell)",,"",0,"normal",2.5,17,,,
"Upper body","11 Aug 2025, 20:08","11 Aug 2025, 21:01","","Skullcrusher (Dumbbell)",,"",1,"normal",2.5,17,,,
"Upper body","11 Aug 2025, 20:08","11 Aug 2025, 21:01","","Skullcrusher (Dumbbell)",,"",2,"normal",2.5,14,,,
"Upper body","11 Aug 2025, 20:08","11 Aug 2025, 21:01","","Lateral Raise (Dumbbell)",,"",0,"normal",5,11,,,
"Upper body","11 Aug 2025, 20:08","11 Aug 2025, 21:01","","Hammer Curl (Dumbbell)",,"",0,"normal",7.5,12,,,
"Upper body","11 Aug 2025, 20:08","11 Aug 2025, 21:01","","Hammer Curl (Dumbbell)",,"",1,"normal",7.5,10,,,
"Upper body","11 Aug 2025, 20:08","11 Aug 2025, 21:01","","Hammer Curl (Dumbbell)",,"",2,"normal",7.5,6,,,
"Upper body","11 Aug 2025, 20:08","11 Aug 2025, 21:01","","Overhead Press (Dumbbell)",,"",0,"normal",7.5,14,,,
"Upper body","11 Aug 2025, 20:08","11 Aug 2025, 21:01","","Overhead Press (Dumbbell)",,"",1,"normal",7.5,10,,,
"Upper body","11 Aug 2025, 20:08","11 Aug 2025, 21:01","","Overhead Press (Dumbbell)",,"",2,"normal",7.5,8,,,
"Upper body","11 Aug 2025, 20:08","11 Aug 2025, 21:01","","Elliptical Trainer",,"",0,"normal",,,0.65,390,
"Lower body","10 Aug 2025, 13:36","10 Aug 2025, 14:45","","Leg Press (Machine)",,"",0,"normal",90,14,,,
"Lower body","10 Aug 2025, 13:36","10 Aug 2025, 14:45","","Leg Press (Machine)",,"",1,"normal",110,14,,,
"Lower body","10 Aug 2025, 13:36","10 Aug 2025, 14:45","","Seated Leg Curl (Machine)",,"",0,"normal",8,14,,,
"Lower body","10 Aug 2025, 13:36","10 Aug 2025, 14:45","","Seated Leg Curl (Machine)",,"",1,"normal",8,13,,,
"Lower body","10 Aug 2025, 13:36","10 Aug 2025, 14:45","","Seated Leg Curl (Machine)",,"",2,"normal",8,13,,,
"Lower body","10 Aug 2025, 13:36","10 Aug 2025, 14:45","","Seated Leg Curl (Machine)",,"",3,"normal",8,12,,,
"Lower body","10 Aug 2025, 13:36","10 Aug 2025, 14:45","","Lying Leg Curl (Machine)",,"",0,"normal",6,13,,,
"Lower body","10 Aug 2025, 13:36","10 Aug 2025, 14:45","","Lying Leg Curl (Machine)",,"",1,"normal",6,10,,,
"Lower body","10 Aug 2025, 13:36","10 Aug 2025, 14:45","","Lying Leg Curl (Machine)",,"",2,"normal",6,5,,,
"Lower body","10 Aug 2025, 13:36","10 Aug 2025, 14:45","","Lying Leg Curl (Machine)",,"",3,"normal",5,8,,,
"Lower body","10 Aug 2025, 13:36","10 Aug 2025, 14:45","","Goblet Squat",,"",0,"normal",15,14,,,
"Lower body","10 Aug 2025, 13:36","10 Aug 2025, 14:45","","Goblet Squat",,"",1,"normal",15,14,,,
"Lower body","10 Aug 2025, 13:36","10 Aug 2025, 14:45","","Goblet Squat",,"",2,"normal",15,14,,,
"Lower body","10 Aug 2025, 13:36","10 Aug 2025, 14:45","","Goblet Squat",,"",3,"normal",15,14,,,
"Lower body","10 Aug 2025, 13:36","10 Aug 2025, 14:45","","Goblet Squat",,"",4,"normal",15,14,,,
"Lower body","10 Aug 2025, 13:36","10 Aug 2025, 14:45","","Standing Calf Raise (Dumbbell)",,"",0,"normal",15,20,,,
"Lower body","10 Aug 2025, 13:36","10 Aug 2025, 14:45","","Standing Calf Raise (Dumbbell)",,"",1,"normal",15,20,,,
"Lower body","10 Aug 2025, 13:36","10 Aug 2025, 14:45","","Standing Calf Raise (Dumbbell)",,"",2,"normal",15,20,,,
"Lower body","10 Aug 2025, 13:36","10 Aug 2025, 14:45","","Standing Calf Raise (Dumbbell)",,"",3,"normal",15,20,,,
"Lower body","10 Aug 2025, 13:36","10 Aug 2025, 14:45","","Hip Abduction (Machine)",,"",0,"normal",60,12,,,
"Lower body","10 Aug 2025, 13:36","10 Aug 2025, 14:45","","Hip Abduction (Machine)",,"",1,"normal",60,13,,,
"Lower body","10 Aug 2025, 13:36","10 Aug 2025, 14:45","","Hip Abduction (Machine)",,"",2,"normal",60,12,,,
"Lower body","10 Aug 2025, 13:36","10 Aug 2025, 14:45","","Hip Adduction (Machine)",,"",0,"normal",75,16,,,
"Lower body","10 Aug 2025, 13:36","10 Aug 2025, 14:45","","Hip Adduction (Machine)",,"",1,"normal",75,14,,,
"Lower body","10 Aug 2025, 13:36","10 Aug 2025, 14:45","","Hip Adduction (Machine)",,"",2,"normal",75,6,,,
"Lower body","10 Aug 2025, 13:36","10 Aug 2025, 14:45","","Treadmill",,"",0,"normal",,,0.25,300,
"Lower body","10 Aug 2025, 13:36","10 Aug 2025, 14:45","","Elliptical Trainer",,"",0,"normal",,,0.8,540,
"Upper body","9 Aug 2025, 12:24","9 Aug 2025, 13:32","","Lat Pulldown (Cable)",,"",0,"normal",5,8,,,
"Upper body","9 Aug 2025, 12:24","9 Aug 2025, 13:32","","Lat Pulldown (Cable)",,"",1,"normal",8,13,,,
"Upper body","9 Aug 2025, 12:24","9 Aug 2025, 13:32","","Lat Pulldown (Cable)",,"",2,"normal",8,10,,,
"Upper body","9 Aug 2025, 12:24","9 Aug 2025, 13:32","","Lat Pulldown (Cable)",,"",3,"normal",8,6,,,
"Upper body","9 Aug 2025, 12:24","9 Aug 2025, 13:32","","Lat Pulldown (Cable)",,"",4,"normal",7,10,,,
"Upper body","9 Aug 2025, 12:24","9 Aug 2025, 13:32","","Seated Cable Row - Bar Grip",,"",0,"normal",8,14,,,
"Upper body","9 Aug 2025, 12:24","9 Aug 2025, 13:32","","Seated Cable Row - Bar Grip",,"",1,"normal",8,12,,,
"Upper body","9 Aug 2025, 12:24","9 Aug 2025, 13:32","","Seated Cable Row - Bar Grip",,"",2,"normal",8,12,,,
"Upper body","9 Aug 2025, 12:24","9 Aug 2025, 13:32","","Seated Cable Row - Bar Grip",,"",3,"normal",8,13,,,
"Upper body","9 Aug 2025, 12:24","9 Aug 2025, 13:32","","Bench Press (Dumbbell)",,"",0,"normal",5,17,,,
"Upper body","9 Aug 2025, 12:24","9 Aug 2025, 13:32","","Seated Palms Up Wrist Curl",,"",0,"normal",7.5,16,,,
"Upper body","9 Aug 2025, 12:24","9 Aug 2025, 13:32","","Seated Palms Up Wrist Curl",,"",1,"normal",7.5,14,,,
"Upper body","9 Aug 2025, 12:24","9 Aug 2025, 13:32","","Seated Palms Up Wrist Curl",,"",2,"normal",7.5,14,,,
"Upper body","9 Aug 2025, 12:24","9 Aug 2025, 13:32","","Seated Palms Up Wrist Curl",,"",3,"normal",7.5,14,,,
"Upper body","9 Aug 2025, 12:24","9 Aug 2025, 13:32","","Dumbbell Row",,"",0,"normal",15,14,,,
"Upper body","9 Aug 2025, 12:24","9 Aug 2025, 13:32","","Dumbbell Row",,"",1,"normal",15,12,,,
"Upper body","9 Aug 2025, 12:24","9 Aug 2025, 13:32","","Dumbbell Row",,"",2,"normal",15,10,,,
"Upper body","9 Aug 2025, 12:24","9 Aug 2025, 13:32","","Skullcrusher (Dumbbell)",,"",0,"normal",2.5,16,,,
"Upper body","9 Aug 2025, 12:24","9 Aug 2025, 13:32","","Skullcrusher (Dumbbell)",,"",1,"normal",2.5,16,,,
"Upper body","9 Aug 2025, 12:24","9 Aug 2025, 13:32","","Lateral Raise (Dumbbell)",,"",0,"normal",5,12,,,
"Upper body","9 Aug 2025, 12:24","9 Aug 2025, 13:32","","Lateral Raise (Dumbbell)",,"",1,"normal",5,10,,,
"Upper body","9 Aug 2025, 12:24","9 Aug 2025, 13:32","","Lateral Raise (Dumbbell)",,"",2,"normal",5,10,,,
"Upper body","9 Aug 2025, 12:24","9 Aug 2025, 13:32","","Lateral Raise (Dumbbell)",,"",3,"normal",5,7,,,
"Upper body","9 Aug 2025, 12:24","9 Aug 2025, 13:32","","Bicep Curl (Dumbbell)",,"",0,"normal",7.5,10,,,
"Upper body","9 Aug 2025, 12:24","9 Aug 2025, 13:32","","Hammer Curl (Dumbbell)",,"",0,"normal",5,14,,,
"Upper body","9 Aug 2025, 12:24","9 Aug 2025, 13:32","","Hammer Curl (Dumbbell)",,"",1,"normal",7.5,10,,,
"Upper body","9 Aug 2025, 12:24","9 Aug 2025, 13:32","","Overhead Press (Dumbbell)",,"",0,"normal",7.5,14,,,
"Upper body","9 Aug 2025, 12:24","9 Aug 2025, 13:32","","Overhead Press (Dumbbell)",,"",1,"normal",7.5,10,,,
"Upper body","9 Aug 2025, 12:24","9 Aug 2025, 13:32","","Overhead Press (Dumbbell)",,"",2,"normal",7.5,10,,,
"Upper body","9 Aug 2025, 12:24","9 Aug 2025, 13:32","","Overhead Press (Dumbbell)",,"",3,"normal",7.5,11,,,
"Upper body","9 Aug 2025, 12:24","9 Aug 2025, 13:32","","Elliptical Trainer",,"",0,"normal",,,0.65,390,
"Lower body","8 Aug 2025, 20:05","8 Aug 2025, 20:57","","Seated Leg Curl (Machine)",,"",0,"normal",8,13,,,
"Lower body","8 Aug 2025, 20:05","8 Aug 2025, 20:57","","Seated Leg Curl (Machine)",,"",1,"normal",8,12,,,
"Lower body","8 Aug 2025, 20:05","8 Aug 2025, 20:57","","Seated Leg Curl (Machine)",,"",2,"normal",8,12,,,
"Lower body","8 Aug 2025, 20:05","8 Aug 2025, 20:57","","Lying Leg Curl (Machine)",,"",0,"normal",6,12,,,
"Lower body","8 Aug 2025, 20:05","8 Aug 2025, 20:57","","Lying Leg Curl (Machine)",,"",1,"normal",6,11,,,
"Lower body","8 Aug 2025, 20:05","8 Aug 2025, 20:57","","Lying Leg Curl (Machine)",,"",2,"normal",6,6,,,
"Lower body","8 Aug 2025, 20:05","8 Aug 2025, 20:57","","Goblet Squat",,"",0,"normal",15,14,,,
"Lower body","8 Aug 2025, 20:05","8 Aug 2025, 20:57","","Goblet Squat",,"",1,"normal",15,14,,,
"Lower body","8 Aug 2025, 20:05","8 Aug 2025, 20:57","","Goblet Squat",,"",2,"normal",15,14,,,
"Lower body","8 Aug 2025, 20:05","8 Aug 2025, 20:57","","Standing Calf Raise (Dumbbell)",,"",0,"normal",15,20,,,
"Lower body","8 Aug 2025, 20:05","8 Aug 2025, 20:57","","Standing Calf Raise (Dumbbell)",,"",1,"normal",15,20,,,
"Lower body","8 Aug 2025, 20:05","8 Aug 2025, 20:57","","Standing Calf Raise (Dumbbell)",,"",2,"normal",15,20,,,
"Lower body","8 Aug 2025, 20:05","8 Aug 2025, 20:57","","Romanian Deadlift (Dumbbell)",,"",0,"normal",7.5,12,,,
"Lower body","8 Aug 2025, 20:05","8 Aug 2025, 20:57","","Romanian Deadlift (Dumbbell)",,"",1,"normal",7.5,12,,,
"Lower body","8 Aug 2025, 20:05","8 Aug 2025, 20:57","","Romanian Deadlift (Dumbbell)",,"",2,"normal",7.5,12,,,
"Lower body","8 Aug 2025, 20:05","8 Aug 2025, 20:57","","Elliptical Trainer",,"",0,"normal",,,0.5,300,
"Lower body","8 Aug 2025, 20:05","8 Aug 2025, 20:57","","Elliptical Trainer",,"",1,"normal",,,1.2,800,
"Upper body","7 Aug 2025, 20:14","7 Aug 2025, 21:01","","Lat Pulldown (Cable)",,"",0,"normal",5,12,,,
"Upper body","7 Aug 2025, 20:14","7 Aug 2025, 21:01","","Lat Pulldown (Cable)",,"",1,"normal",8,12,,,
"Upper body","7 Aug 2025, 20:14","7 Aug 2025, 21:01","","Lat Pulldown (Cable)",,"",2,"normal",8,10,,,
"Upper body","7 Aug 2025, 20:14","7 Aug 2025, 21:01","","Lat Pulldown (Cable)",,"",3,"normal",8,6,,,
"Upper body","7 Aug 2025, 20:14","7 Aug 2025, 21:01","","Lat Pulldown (Cable)",,"",4,"normal",7,6,,,
"Upper body","7 Aug 2025, 20:14","7 Aug 2025, 21:01","","Seated Cable Row - Bar Grip",,"",0,"normal",8,13,,,
"Upper body","7 Aug 2025, 20:14","7 Aug 2025, 21:01","","Seated Cable Row - Bar Grip",,"",1,"normal",8,12,,,
"Upper body","7 Aug 2025, 20:14","7 Aug 2025, 21:01","","Seated Cable Row - Bar Grip",,"",2,"normal",8,12,,,
"Upper body","7 Aug 2025, 20:14","7 Aug 2025, 21:01","","Seated Cable Row - Bar Grip",,"",3,"normal",8,12,,,
"Upper body","7 Aug 2025, 20:14","7 Aug 2025, 21:01","","Seated Palms Up Wrist Curl",,"",0,"normal",7.5,16,,,
"Upper body","7 Aug 2025, 20:14","7 Aug 2025, 21:01","","Seated Palms Up Wrist Curl",,"",1,"normal",7.5,15,,,
"Upper body","7 Aug 2025, 20:14","7 Aug 2025, 21:01","","Skullcrusher (Dumbbell)",,"",0,"normal",2.5,15,,,
"Upper body","7 Aug 2025, 20:14","7 Aug 2025, 21:01","","Skullcrusher (Dumbbell)",,"",1,"normal",2.5,16,,,
"Upper body","7 Aug 2025, 20:14","7 Aug 2025, 21:01","","Lateral Raise (Dumbbell)",,"",0,"normal",5,12,,,
"Upper body","7 Aug 2025, 20:14","7 Aug 2025, 21:01","","Lateral Raise (Dumbbell)",,"",1,"normal",5,10,,,
"Upper body","7 Aug 2025, 20:14","7 Aug 2025, 21:01","","Lateral Raise (Dumbbell)",,"",2,"normal",5,10,,,
"Upper body","7 Aug 2025, 20:14","7 Aug 2025, 21:01","","Rear Delt Reverse Fly (Machine)",,"",0,"normal",40,10,,,
"Upper body","7 Aug 2025, 20:14","7 Aug 2025, 21:01","","Rear Delt Reverse Fly (Machine)",,"",1,"normal",40,10,,,
"Upper body","7 Aug 2025, 20:14","7 Aug 2025, 21:01","","Rear Delt Reverse Fly (Machine)",,"",2,"normal",40,7,,,
"Upper body","7 Aug 2025, 20:14","7 Aug 2025, 21:01","","Rear Delt Reverse Fly (Machine)",,"",3,"normal",40,6,,,
"Upper body","7 Aug 2025, 20:14","7 Aug 2025, 21:01","","Butterfly (Pec Deck)",,"",0,"normal",55,14,,,
"Upper body","7 Aug 2025, 20:14","7 Aug 2025, 21:01","","Butterfly (Pec Deck)",,"",1,"normal",55,8,,,
"Upper body","7 Aug 2025, 20:14","7 Aug 2025, 21:01","","Butterfly (Pec Deck)",,"",2,"normal",55,6,,,
"Upper body","7 Aug 2025, 20:14","7 Aug 2025, 21:01","","Butterfly (Pec Deck)",,"",3,"normal",40,9,,,
"Lower body","6 Aug 2025, 19:52","6 Aug 2025, 20:56","","Leg Press (Machine)",,"",0,"normal",110,14,,,
"Lower body","6 Aug 2025, 19:52","6 Aug 2025, 20:56","","Leg Press (Machine)",,"",1,"normal",110,14,,,
"Lower body","6 Aug 2025, 19:52","6 Aug 2025, 20:56","","Leg Press (Machine)",,"",2,"normal",110,14,,,
"Lower body","6 Aug 2025, 19:52","6 Aug 2025, 20:56","","Seated Leg Curl (Machine)",,"",0,"normal",8,12,,,
"Lower body","6 Aug 2025, 19:52","6 Aug 2025, 20:56","","Seated Leg Curl (Machine)",,"",1,"normal",8,12,,,
"Lower body","6 Aug 2025, 19:52","6 Aug 2025, 20:56","","Seated Leg Curl (Machine)",,"",2,"normal",8,12,,,
"Lower body","6 Aug 2025, 19:52","6 Aug 2025, 20:56","","Seated Leg Curl (Machine)",,"",3,"normal",8,12,,,
"Lower body","6 Aug 2025, 19:52","6 Aug 2025, 20:56","","Lying Leg Curl (Machine)",,"",0,"normal",6,14,,,
"Lower body","6 Aug 2025, 19:52","6 Aug 2025, 20:56","","Lying Leg Curl (Machine)",,"",1,"normal",6,12,,,
"Lower body","6 Aug 2025, 19:52","6 Aug 2025, 20:56","","Lying Leg Curl (Machine)",,"",2,"normal",6,9,,,
"Lower body","6 Aug 2025, 19:52","6 Aug 2025, 20:56","","Lying Leg Curl (Machine)",,"",3,"normal",6,4,,,
"Lower body","6 Aug 2025, 19:52","6 Aug 2025, 20:56","","Goblet Squat",,"",0,"normal",15,14,,,
"Lower body","6 Aug 2025, 19:52","6 Aug 2025, 20:56","","Goblet Squat",,"",1,"normal",15,14,,,
"Lower body","6 Aug 2025, 19:52","6 Aug 2025, 20:56","","Goblet Squat",,"",2,"normal",15,14,,,
"Lower body","6 Aug 2025, 19:52","6 Aug 2025, 20:56","","Goblet Squat",,"",3,"normal",15,14,,,
"Lower body","6 Aug 2025, 19:52","6 Aug 2025, 20:56","","Goblet Squat",,"",4,"normal",15,10,,,
"Lower body","6 Aug 2025, 19:52","6 Aug 2025, 20:56","","Standing Calf Raise (Dumbbell)",,"",0,"normal",15,20,,,
"Lower body","6 Aug 2025, 19:52","6 Aug 2025, 20:56","","Standing Calf Raise (Dumbbell)",,"",1,"normal",15,20,,,
"Lower body","6 Aug 2025, 19:52","6 Aug 2025, 20:56","","Standing Calf Raise (Dumbbell)",,"",2,"normal",15,20,,,
"Lower body","6 Aug 2025, 19:52","6 Aug 2025, 20:56","","Hip Abduction (Machine)",,"",0,"normal",60,8,,,
"Lower body","6 Aug 2025, 19:52","6 Aug 2025, 20:56","","Hip Abduction (Machine)",,"",1,"normal",60,10,,,
"Lower body","6 Aug 2025, 19:52","6 Aug 2025, 20:56","","Hip Abduction (Machine)",,"",2,"normal",60,10,,,
"Lower body","6 Aug 2025, 19:52","6 Aug 2025, 20:56","","Hip Adduction (Machine)",,"",0,"normal",75,14,,,
"Lower body","6 Aug 2025, 19:52","6 Aug 2025, 20:56","","Hip Adduction (Machine)",,"",1,"normal",75,6,,,
"Lower body","6 Aug 2025, 19:52","6 Aug 2025, 20:56","","Elliptical Trainer",,"",0,"normal",,,0.5,300,
"Lower body","6 Aug 2025, 19:52","6 Aug 2025, 20:56","","Elliptical Trainer",,"",1,"normal",,,1,600,
"Upper body","5 Aug 2025, 19:58","5 Aug 2025, 21:03","","Lat Pulldown (Cable)",,"",0,"normal",5,12,,,
"Upper body","5 Aug 2025, 19:58","5 Aug 2025, 21:03","","Lat Pulldown (Cable)",,"",1,"normal",5,12,,,
"Upper body","5 Aug 2025, 19:58","5 Aug 2025, 21:03","","Lat Pulldown (Cable)",,"",2,"normal",5,12,,,
"Upper body","5 Aug 2025, 19:58","5 Aug 2025, 21:03","","Lat Pulldown (Cable)",,"",3,"normal",6,11,,,
"Upper body","5 Aug 2025, 19:58","5 Aug 2025, 21:03","","Seated Cable Row - Bar Grip",,"",0,"normal",5,18,,,
"Upper body","5 Aug 2025, 19:58","5 Aug 2025, 21:03","","Seated Cable Row - Bar Grip",,"",1,"normal",5,18,,,
"Upper body","5 Aug 2025, 19:58","5 Aug 2025, 21:03","","Seated Cable Row - Bar Grip",,"",2,"normal",8,12,,,
"Upper body","5 Aug 2025, 19:58","5 Aug 2025, 21:03","","Seated Cable Row - Bar Grip",,"",3,"normal",7,12,,,
"Upper body","5 Aug 2025, 19:58","5 Aug 2025, 21:03","","Bench Press (Dumbbell)",,"",0,"normal",7.5,16,,,
"Upper body","5 Aug 2025, 19:58","5 Aug 2025, 21:03","","Bench Press (Dumbbell)",,"",1,"normal",7.5,15,,,
"Upper body","5 Aug 2025, 19:58","5 Aug 2025, 21:03","","Bench Press (Dumbbell)",,"",2,"normal",7.5,12,,,
"Upper body","5 Aug 2025, 19:58","5 Aug 2025, 21:03","","Bench Press (Dumbbell)",,"",3,"normal",7.5,12,,,
"Upper body","5 Aug 2025, 19:58","5 Aug 2025, 21:03","","Seated Palms Up Wrist Curl",,"",0,"normal",7.5,12,,,
"Upper body","5 Aug 2025, 19:58","5 Aug 2025, 21:03","","Seated Palms Up Wrist Curl",,"",1,"normal",7.5,15,,,
"Upper body","5 Aug 2025, 19:58","5 Aug 2025, 21:03","","Seated Palms Up Wrist Curl",,"",2,"normal",7.5,14,,,
"Upper body","5 Aug 2025, 19:58","5 Aug 2025, 21:03","","Seated Palms Up Wrist Curl",,"",3,"normal",7.5,15,,,
"Upper body","5 Aug 2025, 19:58","5 Aug 2025, 21:03","","Dumbbell Row",,"",0,"normal",15,14,,,
"Upper body","5 Aug 2025, 19:58","5 Aug 2025, 21:03","","Dumbbell Row",,"",1,"normal",15,12,,,
"Upper body","5 Aug 2025, 19:58","5 Aug 2025, 21:03","","Dumbbell Row",,"",2,"normal",15,10,,,
"Upper body","5 Aug 2025, 19:58","5 Aug 2025, 21:03","","Shrug (Dumbbell)",,"",0,"normal",15,11,,,
"Upper body","5 Aug 2025, 19:58","5 Aug 2025, 21:03","","Shrug (Dumbbell)",,"",1,"normal",15,11,,,
"Upper body","5 Aug 2025, 19:58","5 Aug 2025, 21:03","","Shrug (Dumbbell)",,"",2,"normal",15,11,,,
"Upper body","5 Aug 2025, 19:58","5 Aug 2025, 21:03","","Shrug (Dumbbell)",,"",3,"normal",15,10,,,
"Upper body","5 Aug 2025, 19:58","5 Aug 2025, 21:03","","Lateral Raise (Dumbbell)",,"",0,"normal",2.5,12,,,
"Upper body","5 Aug 2025, 19:58","5 Aug 2025, 21:03","","Lateral Raise (Dumbbell)",,"",1,"normal",2.5,12,,,
"Upper body","5 Aug 2025, 19:58","5 Aug 2025, 21:03","","Lateral Raise (Dumbbell)",,"",2,"normal",2.5,12,,,
"Upper body","5 Aug 2025, 19:58","5 Aug 2025, 21:03","","Hammer Curl (Dumbbell)",,"",0,"normal",7.5,10,,,
"Upper body","5 Aug 2025, 19:58","5 Aug 2025, 21:03","","Hammer Curl (Dumbbell)",,"",1,"normal",7.5,10,,,
"Upper body","5 Aug 2025, 19:58","5 Aug 2025, 21:03","","Hammer Curl (Dumbbell)",,"",2,"normal",7.5,10,,,
"Upper body","5 Aug 2025, 19:58","5 Aug 2025, 21:03","","Overhead Press (Dumbbell)",,"",0,"normal",7.5,12,,,
"Upper body","5 Aug 2025, 19:58","5 Aug 2025, 21:03","","Overhead Press (Dumbbell)",,"",1,"normal",7.5,7,,,
"Upper body","5 Aug 2025, 19:58","5 Aug 2025, 21:03","","Overhead Press (Dumbbell)",,"",2,"normal",7.5,6,,,
"Upper body","5 Aug 2025, 19:58","5 Aug 2025, 21:03","","Triceps Pushdown",,"",0,"normal",2,15,,,
"Upper body","5 Aug 2025, 19:58","5 Aug 2025, 21:03","","Triceps Pushdown",,"",1,"normal",3,12,,,
"Upper body","5 Aug 2025, 19:58","5 Aug 2025, 21:03","","Triceps Pushdown",,"",2,"normal",3,12,,,
"Upper body","2 Aug 2025, 11:08","2 Aug 2025, 12:22","","Lat Pulldown (Cable)",,"",0,"normal",8,13,,,
"Upper body","2 Aug 2025, 11:08","2 Aug 2025, 12:22","","Lat Pulldown (Cable)",,"",1,"normal",8,11,,,
"Upper body","2 Aug 2025, 11:08","2 Aug 2025, 12:22","","Lat Pulldown (Cable)",,"",2,"normal",8,8,,,
"Upper body","2 Aug 2025, 11:08","2 Aug 2025, 12:22","","Lat Pulldown (Cable)",,"",3,"normal",8,6,,,
"Upper body","2 Aug 2025, 11:08","2 Aug 2025, 12:22","","Lat Pulldown (Cable)",,"",4,"normal",7,7,,,
"Upper body","2 Aug 2025, 11:08","2 Aug 2025, 12:22","","Seated Cable Row - Bar Grip",,"",0,"normal",8,12,,,
"Upper body","2 Aug 2025, 11:08","2 Aug 2025, 12:22","","Seated Cable Row - Bar Grip",,"",1,"normal",8,12,,,
"Upper body","2 Aug 2025, 11:08","2 Aug 2025, 12:22","","Seated Cable Row - Bar Grip",,"",2,"normal",8,12,,,
"Upper body","2 Aug 2025, 11:08","2 Aug 2025, 12:22","","Seated Cable Row - Bar Grip",,"",3,"normal",8,12,,,
"Upper body","2 Aug 2025, 11:08","2 Aug 2025, 12:22","","Bench Press (Dumbbell)",,"",0,"normal",7.5,10,,,
"Upper body","2 Aug 2025, 11:08","2 Aug 2025, 12:22","","Bench Press (Dumbbell)",,"",1,"normal",7.5,6,,,
"Upper body","2 Aug 2025, 11:08","2 Aug 2025, 12:22","","Seated Palms Up Wrist Curl",,"",0,"normal",7.5,6,,,
"Upper body","2 Aug 2025, 11:08","2 Aug 2025, 12:22","","Seated Palms Up Wrist Curl",,"",1,"normal",7.5,12,,,
"Upper body","2 Aug 2025, 11:08","2 Aug 2025, 12:22","","Seated Palms Up Wrist Curl",,"",2,"normal",7.5,7,,,
"Upper body","2 Aug 2025, 11:08","2 Aug 2025, 12:22","","Shrug (Dumbbell)",,"",0,"normal",7.5,20,,,
"Upper body","2 Aug 2025, 11:08","2 Aug 2025, 12:22","","Shrug (Dumbbell)",,"",1,"normal",7.5,20,,,
"Upper body","2 Aug 2025, 11:08","2 Aug 2025, 12:22","","Shrug (Dumbbell)",,"",2,"normal",7.5,20,,,
"Upper body","2 Aug 2025, 11:08","2 Aug 2025, 12:22","","Front Raise (Dumbbell)",,"",0,"normal",7.5,6,,,
"Upper body","2 Aug 2025, 11:08","2 Aug 2025, 12:22","","Front Raise (Dumbbell)",,"",1,"normal",7.5,7,,,
"Upper body","2 Aug 2025, 11:08","2 Aug 2025, 12:22","","Front Raise (Dumbbell)",,"",2,"normal",7.5,5,,,
"Upper body","2 Aug 2025, 11:08","2 Aug 2025, 12:22","","Bicep Curl (Dumbbell)",,"",0,"normal",7.5,6,,,
"Upper body","2 Aug 2025, 11:08","2 Aug 2025, 12:22","","Bicep Curl (Dumbbell)",,"",1,"normal",7.5,6,,,
"Upper body","2 Aug 2025, 11:08","2 Aug 2025, 12:22","","Hammer Curl (Dumbbell)",,"",0,"normal",7.5,11,,,
"Upper body","2 Aug 2025, 11:08","2 Aug 2025, 12:22","","Hammer Curl (Dumbbell)",,"",1,"normal",7.5,10,,,
"Upper body","2 Aug 2025, 11:08","2 Aug 2025, 12:22","","Hammer Curl (Dumbbell)",,"",2,"normal",7.5,5,,,
"Upper body","2 Aug 2025, 11:08","2 Aug 2025, 12:22","","Overhead Press (Dumbbell)",,"",0,"normal",7.5,12,,,
"Upper body","2 Aug 2025, 11:08","2 Aug 2025, 12:22","","Overhead Press (Dumbbell)",,"",1,"normal",7.5,10,,,
"Upper body","2 Aug 2025, 11:08","2 Aug 2025, 12:22","","Overhead Press (Dumbbell)",,"",2,"normal",7.5,9,,,
"Upper body","2 Aug 2025, 11:08","2 Aug 2025, 12:22","","Overhead Press (Dumbbell)",,"",3,"normal",7.5,8,,,
"Upper body","2 Aug 2025, 11:08","2 Aug 2025, 12:22","","Rear Delt Reverse Fly (Machine)",,"",0,"normal",40,11,,,
"Upper body","2 Aug 2025, 11:08","2 Aug 2025, 12:22","","Rear Delt Reverse Fly (Machine)",,"",1,"normal",40,10,,,
"Upper body","2 Aug 2025, 11:08","2 Aug 2025, 12:22","","Rear Delt Reverse Fly (Machine)",,"",2,"normal",40,7,,,
"Upper body","2 Aug 2025, 11:08","2 Aug 2025, 12:22","","Butterfly (Pec Deck)",,"",0,"normal",55,15,,,
"Upper body","2 Aug 2025, 11:08","2 Aug 2025, 12:22","","Butterfly (Pec Deck)",,"",1,"normal",55,9,,,
"Upper body","2 Aug 2025, 11:08","2 Aug 2025, 12:22","","Butterfly (Pec Deck)",,"",2,"normal",55,7,,,
"Upper body","2 Aug 2025, 11:08","2 Aug 2025, 12:22","","Elliptical Trainer",,"",0,"normal",,,1,660,
"Lower body","1 Aug 2025, 20:05","1 Aug 2025, 21:14","","Leg Press (Machine)",,"",0,"normal",110,14,,,
"Lower body","1 Aug 2025, 20:05","1 Aug 2025, 21:14","","Leg Press (Machine)",,"",1,"normal",110,14,,,
"Lower body","1 Aug 2025, 20:05","1 Aug 2025, 21:14","","Leg Press (Machine)",,"",2,"normal",110,14,,,
"Lower body","1 Aug 2025, 20:05","1 Aug 2025, 21:14","","Seated Leg Curl (Machine)",,"",0,"normal",8,14,,,
"Lower body","1 Aug 2025, 20:05","1 Aug 2025, 21:14","","Seated Leg Curl (Machine)",,"",1,"normal",8,12,,,
"Lower body","1 Aug 2025, 20:05","1 Aug 2025, 21:14","","Seated Leg Curl (Machine)",,"",2,"normal",8,12,,,
"Lower body","1 Aug 2025, 20:05","1 Aug 2025, 21:14","","Seated Leg Curl (Machine)",,"",3,"normal",8,10,,,
"Lower body","1 Aug 2025, 20:05","1 Aug 2025, 21:14","","Lying Leg Curl (Machine)",,"",0,"normal",6,12,,,
"Lower body","1 Aug 2025, 20:05","1 Aug 2025, 21:14","","Lying Leg Curl (Machine)",,"",1,"normal",6,8,,,
"Lower body","1 Aug 2025, 20:05","1 Aug 2025, 21:14","","Lying Leg Curl (Machine)",,"",2,"normal",6,4,,,
"Lower body","1 Aug 2025, 20:05","1 Aug 2025, 21:14","","Lying Leg Curl (Machine)",,"",3,"normal",5,9,,,
"Lower body","1 Aug 2025, 20:05","1 Aug 2025, 21:14","","Goblet Squat",,"",0,"normal",15,14,,,
"Lower body","1 Aug 2025, 20:05","1 Aug 2025, 21:14","","Goblet Squat",,"",1,"normal",15,14,,,
"Lower body","1 Aug 2025, 20:05","1 Aug 2025, 21:14","","Goblet Squat",,"",2,"normal",15,14,,,
"Lower body","1 Aug 2025, 20:05","1 Aug 2025, 21:14","","Goblet Squat",,"",3,"normal",15,14,,,
"Lower body","1 Aug 2025, 20:05","1 Aug 2025, 21:14","","Standing Calf Raise (Dumbbell)",,"",0,"normal",15,20,,,
"Lower body","1 Aug 2025, 20:05","1 Aug 2025, 21:14","","Standing Calf Raise (Dumbbell)",,"",1,"normal",15,20,,,
"Lower body","1 Aug 2025, 20:05","1 Aug 2025, 21:14","","Standing Calf Raise (Dumbbell)",,"",2,"normal",15,20,,,
"Lower body","1 Aug 2025, 20:05","1 Aug 2025, 21:14","","Standing Calf Raise (Dumbbell)",,"",3,"normal",15,20,,,
"Lower body","1 Aug 2025, 20:05","1 Aug 2025, 21:14","","Hip Abduction (Machine)",,"",0,"normal",60,12,,,
"Lower body","1 Aug 2025, 20:05","1 Aug 2025, 21:14","","Hip Abduction (Machine)",,"",1,"normal",60,9,,,
"Lower body","1 Aug 2025, 20:05","1 Aug 2025, 21:14","","Hip Abduction (Machine)",,"",2,"normal",60,13,,,
"Lower body","1 Aug 2025, 20:05","1 Aug 2025, 21:14","","Hip Adduction (Machine)",,"",0,"normal",75,14,,,
"Lower body","1 Aug 2025, 20:05","1 Aug 2025, 21:14","","Hip Adduction (Machine)",,"",1,"normal",75,11,,,
"Lower body","1 Aug 2025, 20:05","1 Aug 2025, 21:14","","Treadmill",,"",0,"normal",,,0.75,900,
"Lower body","1 Aug 2025, 20:05","1 Aug 2025, 21:14","","Elliptical Trainer",,"",0,"normal",,,0.83,660,
"Evening workout 🏋️","31 Jul 2025, 20:31","31 Jul 2025, 21:07","","Elliptical Trainer",,"",0,"normal",,,3.45,2040,
"Upper body","30 Jul 2025, 20:04","30 Jul 2025, 21:04","","Lat Pulldown (Cable)",,"",0,"normal",8,13,,,
"Upper body","30 Jul 2025, 20:04","30 Jul 2025, 21:04","","Lat Pulldown (Cable)",,"",1,"normal",8,11,,,
"Upper body","30 Jul 2025, 20:04","30 Jul 2025, 21:04","","Lat Pulldown (Cable)",,"",2,"normal",8,9,,,
"Upper body","30 Jul 2025, 20:04","30 Jul 2025, 21:04","","Lat Pulldown (Cable)",,"",3,"normal",8,6,,,
"Upper body","30 Jul 2025, 20:04","30 Jul 2025, 21:04","","Lat Pulldown (Cable)",,"",4,"normal",7,7,,,
"Upper body","30 Jul 2025, 20:04","30 Jul 2025, 21:04","","Seated Cable Row - Bar Grip",,"",0,"normal",8,12,,,
"Upper body","30 Jul 2025, 20:04","30 Jul 2025, 21:04","","Seated Cable Row - Bar Grip",,"",1,"normal",8,12,,,
"Upper body","30 Jul 2025, 20:04","30 Jul 2025, 21:04","","Seated Cable Row - Bar Grip",,"",2,"normal",8,12,,,
"Upper body","30 Jul 2025, 20:04","30 Jul 2025, 21:04","","Seated Cable Row - Bar Grip",,"",3,"normal",8,12,,,
"Upper body","30 Jul 2025, 20:04","30 Jul 2025, 21:04","","Bench Press (Dumbbell)",,"",0,"normal",7.5,15,,,
"Upper body","30 Jul 2025, 20:04","30 Jul 2025, 21:04","","Bench Press (Dumbbell)",,"",1,"normal",7.5,12,,,
"Upper body","30 Jul 2025, 20:04","30 Jul 2025, 21:04","","Bench Press (Dumbbell)",,"",2,"normal",7.5,10,,,
"Upper body","30 Jul 2025, 20:04","30 Jul 2025, 21:04","","Bench Press (Dumbbell)",,"",3,"normal",7.5,12,,,
"Upper body","30 Jul 2025, 20:04","30 Jul 2025, 21:04","","Seated Palms Up Wrist Curl",,"",0,"normal",7.5,13,,,
"Upper body","30 Jul 2025, 20:04","30 Jul 2025, 21:04","","Seated Palms Up Wrist Curl",,"",1,"normal",7.5,13,,,
"Upper body","30 Jul 2025, 20:04","30 Jul 2025, 21:04","","Seated Palms Up Wrist Curl",,"",2,"normal",7.5,13,,,
"Upper body","30 Jul 2025, 20:04","30 Jul 2025, 21:04","","Seated Palms Up Wrist Curl",,"",3,"normal",7.5,10,,,
"Upper body","30 Jul 2025, 20:04","30 Jul 2025, 21:04","","Front Raise (Dumbbell)",,"",0,"normal",7.5,7,,,
"Upper body","30 Jul 2025, 20:04","30 Jul 2025, 21:04","","Overhead Press (Dumbbell)",,"",0,"normal",7.5,8,,,
"Upper body","30 Jul 2025, 20:04","30 Jul 2025, 21:04","","Overhead Press (Dumbbell)",,"",1,"normal",7.5,9,,,
"Upper body","30 Jul 2025, 20:04","30 Jul 2025, 21:04","","Overhead Press (Dumbbell)",,"",2,"normal",7.5,4,,,
"Upper body","30 Jul 2025, 20:04","30 Jul 2025, 21:04","","Rear Delt Reverse Fly (Machine)",,"",0,"normal",40,8,,,
"Upper body","30 Jul 2025, 20:04","30 Jul 2025, 21:04","","Rear Delt Reverse Fly (Machine)",,"",1,"normal",40,8,,,
"Upper body","30 Jul 2025, 20:04","30 Jul 2025, 21:04","","Rear Delt Reverse Fly (Machine)",,"",2,"normal",40,7,,,
"Upper body","30 Jul 2025, 20:04","30 Jul 2025, 21:04","","Butterfly (Pec Deck)",,"",0,"normal",55,14,,,
"Upper body","30 Jul 2025, 20:04","30 Jul 2025, 21:04","","Butterfly (Pec Deck)",,"",1,"normal",55,9,,,
"Upper body","30 Jul 2025, 20:04","30 Jul 2025, 21:04","","Butterfly (Pec Deck)",,"",2,"normal",55,4,,,
"Upper body","30 Jul 2025, 20:04","30 Jul 2025, 21:04","","Butterfly (Pec Deck)",,"",3,"normal",40,9,,,
"Lower body","29 Jul 2025, 20:15","29 Jul 2025, 21:16","","Leg Press (Machine)",,"",0,"normal",110,14,,,
"Lower body","29 Jul 2025, 20:15","29 Jul 2025, 21:16","","Leg Press (Machine)",,"",1,"normal",110,14,,,
"Lower body","29 Jul 2025, 20:15","29 Jul 2025, 21:16","","Leg Press (Machine)",,"",2,"normal",110,14,,,
"Lower body","29 Jul 2025, 20:15","29 Jul 2025, 21:16","","Seated Leg Curl (Machine)",,"",0,"normal",8,14,,,
"Lower body","29 Jul 2025, 20:15","29 Jul 2025, 21:16","","Seated Leg Curl (Machine)",,"",1,"normal",8,12,,,
"Lower body","29 Jul 2025, 20:15","29 Jul 2025, 21:16","","Seated Leg Curl (Machine)",,"",2,"normal",8,12,,,
"Lower body","29 Jul 2025, 20:15","29 Jul 2025, 21:16","","Lying Leg Curl (Machine)",,"",0,"normal",6,13,,,
"Lower body","29 Jul 2025, 20:15","29 Jul 2025, 21:16","","Lying Leg Curl (Machine)",,"",1,"normal",6,9,,,
"Lower body","29 Jul 2025, 20:15","29 Jul 2025, 21:16","","Lying Leg Curl (Machine)",,"",2,"normal",6,5,,,
"Lower body","29 Jul 2025, 20:15","29 Jul 2025, 21:16","","Goblet Squat",,"",0,"normal",15,14,,,
"Lower body","29 Jul 2025, 20:15","29 Jul 2025, 21:16","","Goblet Squat",,"",1,"normal",15,6,,,
"Lower body","29 Jul 2025, 20:15","29 Jul 2025, 21:16","","Romanian Deadlift (Dumbbell)",,"",0,"normal",7.5,12,,,
"Lower body","29 Jul 2025, 20:15","29 Jul 2025, 21:16","","Romanian Deadlift (Dumbbell)",,"",1,"normal",7.5,16,,,
"Lower body","29 Jul 2025, 20:15","29 Jul 2025, 21:16","","Hip Abduction (Machine)",,"",0,"normal",60,14,,,
"Lower body","29 Jul 2025, 20:15","29 Jul 2025, 21:16","","Hip Abduction (Machine)",,"",1,"normal",60,12,,,
"Lower body","29 Jul 2025, 20:15","29 Jul 2025, 21:16","","Hip Abduction (Machine)",,"",2,"normal",60,10,,,
"Lower body","29 Jul 2025, 20:15","29 Jul 2025, 21:16","","Hip Adduction (Machine)",,"",0,"normal",75,13,,,
"Lower body","29 Jul 2025, 20:15","29 Jul 2025, 21:16","","Hip Adduction (Machine)",,"",1,"normal",75,11,,,
"Lower body","29 Jul 2025, 20:15","29 Jul 2025, 21:16","","Hip Adduction (Machine)",,"",2,"normal",75,6,,,
"Lower body","29 Jul 2025, 20:15","29 Jul 2025, 21:16","","Elliptical Trainer",,"",0,"normal",,,0.45,300,
"Lower body","29 Jul 2025, 20:15","29 Jul 2025, 21:16","","Elliptical Trainer",,"",1,"normal",,,1.5,1080,
"Upper body","28 Jul 2025, 20:06","28 Jul 2025, 21:09","","Lat Pulldown (Cable)",,"",0,"normal",5,10,,,
"Upper body","28 Jul 2025, 20:06","28 Jul 2025, 21:09","","Lat Pulldown (Cable)",,"",1,"normal",8,12,,,
"Upper body","28 Jul 2025, 20:06","28 Jul 2025, 21:09","","Lat Pulldown (Cable)",,"",2,"normal",8,10,,,
"Upper body","28 Jul 2025, 20:06","28 Jul 2025, 21:09","","Lat Pulldown (Cable)",,"",3,"normal",8,8,,,
"Upper body","28 Jul 2025, 20:06","28 Jul 2025, 21:09","","Lat Pulldown (Cable)",,"",4,"normal",8,6,,,
"Upper body","28 Jul 2025, 20:06","28 Jul 2025, 21:09","","Seated Cable Row - Bar Grip",,"",0,"normal",7,12,,,
"Upper body","28 Jul 2025, 20:06","28 Jul 2025, 21:09","","Seated Cable Row - Bar Grip",,"",1,"normal",7,10,,,
"Upper body","28 Jul 2025, 20:06","28 Jul 2025, 21:09","","Seated Cable Row - Bar Grip",,"",2,"normal",7,11,,,
"Upper body","28 Jul 2025, 20:06","28 Jul 2025, 21:09","","Seated Cable Row - Bar Grip",,"",3,"normal",7,10,,,
"Upper body","28 Jul 2025, 20:06","28 Jul 2025, 21:09","","Bench Press (Dumbbell)",,"",0,"normal",7.5,15,,,
"Upper body","28 Jul 2025, 20:06","28 Jul 2025, 21:09","","Bench Press (Dumbbell)",,"",1,"normal",7.5,12,,,
"Upper body","28 Jul 2025, 20:06","28 Jul 2025, 21:09","","Bench Press (Dumbbell)",,"",2,"normal",7.5,12,,,
"Upper body","28 Jul 2025, 20:06","28 Jul 2025, 21:09","","Bench Press (Dumbbell)",,"",3,"normal",7.5,10,,,
"Upper body","28 Jul 2025, 20:06","28 Jul 2025, 21:09","","Seated Palms Up Wrist Curl",,"",0,"normal",7.5,12,,,
"Upper body","28 Jul 2025, 20:06","28 Jul 2025, 21:09","","Seated Palms Up Wrist Curl",,"",1,"normal",7.5,13,,,
"Upper body","28 Jul 2025, 20:06","28 Jul 2025, 21:09","","Seated Palms Up Wrist Curl",,"",2,"normal",7.5,12,,,
"Upper body","28 Jul 2025, 20:06","28 Jul 2025, 21:09","","Seated Palms Up Wrist Curl",,"",3,"normal",7.5,12,,,
"Upper body","28 Jul 2025, 20:06","28 Jul 2025, 21:09","","Seated Palms Up Wrist Curl",,"",4,"normal",7.5,10,,,
"Upper body","28 Jul 2025, 20:06","28 Jul 2025, 21:09","","Front Raise (Dumbbell)",,"",0,"normal",5,16,,,
"Upper body","28 Jul 2025, 20:06","28 Jul 2025, 21:09","","Front Raise (Dumbbell)",,"",1,"normal",5,14,,,
"Upper body","28 Jul 2025, 20:06","28 Jul 2025, 21:09","","Front Raise (Dumbbell)",,"",2,"normal",5,14,,,
"Upper body","28 Jul 2025, 20:06","28 Jul 2025, 21:09","","Lateral Raise (Dumbbell)",,"",0,"normal",5,9,,,
"Upper body","28 Jul 2025, 20:06","28 Jul 2025, 21:09","","Lateral Raise (Dumbbell)",,"",1,"normal",5,9,,,
"Upper body","28 Jul 2025, 20:06","28 Jul 2025, 21:09","","Lateral Raise (Dumbbell)",,"",2,"normal",5,6,,,
"Upper body","28 Jul 2025, 20:06","28 Jul 2025, 21:09","","Elliptical Trainer",,"",0,"normal",,,1,660,
"Upper body","25 Jul 2025, 19:04","25 Jul 2025, 20:16","","Lat Pulldown (Cable)",,"",0,"normal",5,10,,,
"Upper body","25 Jul 2025, 19:04","25 Jul 2025, 20:16","","Lat Pulldown (Cable)",,"",1,"normal",8,12,,,
"Upper body","25 Jul 2025, 19:04","25 Jul 2025, 20:16","","Lat Pulldown (Cable)",,"",2,"normal",8,10,,,
"Upper body","25 Jul 2025, 19:04","25 Jul 2025, 20:16","","Lat Pulldown (Cable)",,"",3,"normal",8,8,,,
"Upper body","25 Jul 2025, 19:04","25 Jul 2025, 20:16","","Lat Pulldown (Cable)",,"",4,"normal",8,6,,,
"Upper body","25 Jul 2025, 19:04","25 Jul 2025, 20:16","","Seated Cable Row - Bar Grip",,"",0,"normal",7,12,,,
"Upper body","25 Jul 2025, 19:04","25 Jul 2025, 20:16","","Seated Cable Row - Bar Grip",,"",1,"normal",7,12,,,
"Upper body","25 Jul 2025, 19:04","25 Jul 2025, 20:16","","Seated Cable Row - Bar Grip",,"",2,"normal",7,12,,,
"Upper body","25 Jul 2025, 19:04","25 Jul 2025, 20:16","","Seated Cable Row - Bar Grip",,"",3,"normal",7,10,,,
"Upper body","25 Jul 2025, 19:04","25 Jul 2025, 20:16","","Bench Press (Dumbbell)",,"",0,"normal",7.5,12,,,
"Upper body","25 Jul 2025, 19:04","25 Jul 2025, 20:16","","Bench Press (Dumbbell)",,"",1,"normal",7.5,7,,,
"Upper body","25 Jul 2025, 19:04","25 Jul 2025, 20:16","","Bench Press (Dumbbell)",,"",2,"normal",7.5,7,,,
"Upper body","25 Jul 2025, 19:04","25 Jul 2025, 20:16","","Bench Press (Dumbbell)",,"",3,"normal",7.5,10,,,
"Upper body","25 Jul 2025, 19:04","25 Jul 2025, 20:16","","Seated Palms Up Wrist Curl",,"",0,"normal",7.5,10,,,
"Upper body","25 Jul 2025, 19:04","25 Jul 2025, 20:16","","Seated Palms Up Wrist Curl",,"",1,"normal",7.5,12,,,
"Upper body","25 Jul 2025, 19:04","25 Jul 2025, 20:16","","Seated Palms Up Wrist Curl",,"",2,"normal",7.5,11,,,
"Upper body","25 Jul 2025, 19:04","25 Jul 2025, 20:16","","Seated Palms Up Wrist Curl",,"",3,"normal",7.5,12,,,
"Upper body","25 Jul 2025, 19:04","25 Jul 2025, 20:16","","Chest Fly (Dumbbell)",,"",0,"normal",2.5,14,,,
"Upper body","25 Jul 2025, 19:04","25 Jul 2025, 20:16","","Chest Fly (Dumbbell)",,"",1,"normal",2.5,12,,,
"Upper body","25 Jul 2025, 19:04","25 Jul 2025, 20:16","","Skullcrusher (Dumbbell)",,"",0,"normal",2.5,16,,,
"Upper body","25 Jul 2025, 19:04","25 Jul 2025, 20:16","","Skullcrusher (Dumbbell)",,"",1,"normal",2.5,12,,,
"Upper body","25 Jul 2025, 19:04","25 Jul 2025, 20:16","","Bicep Curl (Dumbbell)",,"",0,"normal",7.5,8,,,
"Upper body","25 Jul 2025, 19:04","25 Jul 2025, 20:16","","Bicep Curl (Dumbbell)",,"",1,"normal",7.5,6,,,
"Upper body","25 Jul 2025, 19:04","25 Jul 2025, 20:16","","Hammer Curl (Dumbbell)",,"",0,"normal",7.5,10,,,
"Upper body","25 Jul 2025, 19:04","25 Jul 2025, 20:16","","Hammer Curl (Dumbbell)",,"",1,"normal",5,12,,,
"Upper body","25 Jul 2025, 19:04","25 Jul 2025, 20:16","","Hammer Curl (Dumbbell)",,"",2,"normal",7.5,6,,,
"Upper body","25 Jul 2025, 19:04","25 Jul 2025, 20:16","","Overhead Press (Dumbbell)",,"",0,"normal",7.5,10,,,
"Upper body","25 Jul 2025, 19:04","25 Jul 2025, 20:16","","Overhead Press (Dumbbell)",,"",1,"normal",7.5,10,,,
"Upper body","25 Jul 2025, 19:04","25 Jul 2025, 20:16","","Overhead Press (Dumbbell)",,"",2,"normal",7.5,10,,,
"Upper body","25 Jul 2025, 19:04","25 Jul 2025, 20:16","","Overhead Press (Dumbbell)",,"",3,"normal",7.5,10,,,
"Upper body","25 Jul 2025, 19:04","25 Jul 2025, 20:16","","Rear Delt Reverse Fly (Machine)",,"",0,"normal",40,8,,,
"Upper body","25 Jul 2025, 19:04","25 Jul 2025, 20:16","","Rear Delt Reverse Fly (Machine)",,"",1,"normal",40,3,,,
"Upper body","25 Jul 2025, 19:04","25 Jul 2025, 20:16","","Rear Delt Reverse Fly (Machine)",,"",2,"normal",40,7,,,
"Upper body","25 Jul 2025, 19:04","25 Jul 2025, 20:16","","Rear Delt Reverse Fly (Machine)",,"",3,"normal",25,12,,,
"Upper body","25 Jul 2025, 19:04","25 Jul 2025, 20:16","","Butterfly (Pec Deck)",,"",0,"normal",55,13,,,
"Upper body","25 Jul 2025, 19:04","25 Jul 2025, 20:16","","Butterfly (Pec Deck)",,"",1,"normal",40,8,,,
"Upper body","25 Jul 2025, 19:04","25 Jul 2025, 20:16","","Butterfly (Pec Deck)",,"",2,"normal",40,6,,,
"Lower body","24 Jul 2025, 19:30","24 Jul 2025, 20:29","","Leg Press (Machine)",,"",0,"normal",90,12,,,
"Lower body","24 Jul 2025, 19:30","24 Jul 2025, 20:29","","Leg Press (Machine)",,"",1,"normal",90,12,,,
"Lower body","24 Jul 2025, 19:30","24 Jul 2025, 20:29","","Leg Press (Machine)",,"",2,"normal",90,14,,,
"Lower body","24 Jul 2025, 19:30","24 Jul 2025, 20:29","","Seated Leg Curl (Machine)",,"",0,"normal",8,12,,,
"Lower body","24 Jul 2025, 19:30","24 Jul 2025, 20:29","","Seated Leg Curl (Machine)",,"",1,"normal",8,12,,,
"Lower body","24 Jul 2025, 19:30","24 Jul 2025, 20:29","","Seated Leg Curl (Machine)",,"",2,"normal",8,12,,,
"Lower body","24 Jul 2025, 19:30","24 Jul 2025, 20:29","","Seated Leg Curl (Machine)",,"",3,"normal",8,12,,,
"Lower body","24 Jul 2025, 19:30","24 Jul 2025, 20:29","","Lying Leg Curl (Machine)",,"",0,"normal",6,12,,,
"Lower body","24 Jul 2025, 19:30","24 Jul 2025, 20:29","","Lying Leg Curl (Machine)",,"",1,"normal",6,9,,,
"Lower body","24 Jul 2025, 19:30","24 Jul 2025, 20:29","","Lying Leg Curl (Machine)",,"",2,"normal",6,5,,,
"Lower body","24 Jul 2025, 19:30","24 Jul 2025, 20:29","","Goblet Squat",,"",0,"normal",15,14,,,
"Lower body","24 Jul 2025, 19:30","24 Jul 2025, 20:29","","Goblet Squat",,"",1,"normal",15,14,,,
"Lower body","24 Jul 2025, 19:30","24 Jul 2025, 20:29","","Goblet Squat",,"",2,"normal",15,14,,,
"Lower body","24 Jul 2025, 19:30","24 Jul 2025, 20:29","","Standing Calf Raise (Dumbbell)",,"",0,"normal",15,20,,,
"Lower body","24 Jul 2025, 19:30","24 Jul 2025, 20:29","","Standing Calf Raise (Dumbbell)",,"",1,"normal",15,20,,,
"Lower body","24 Jul 2025, 19:30","24 Jul 2025, 20:29","","Standing Calf Raise (Dumbbell)",,"",2,"normal",15,20,,,
"Lower body","24 Jul 2025, 19:30","24 Jul 2025, 20:29","","Hip Abduction (Machine)",,"",0,"normal",60,12,,,
"Lower body","24 Jul 2025, 19:30","24 Jul 2025, 20:29","","Hip Adduction (Machine)",,"",0,"normal",75,12,,,
"Lower body","24 Jul 2025, 19:30","24 Jul 2025, 20:29","","Treadmill",,"",0,"normal",,,1.15,750,
"Lower body","24 Jul 2025, 19:30","24 Jul 2025, 20:29","","Elliptical Trainer",,"",0,"normal",,,0.45,300,
"Upper body","23 Jul 2025, 20:09","23 Jul 2025, 21:05","","Lat Pulldown (Cable)",,"",0,"normal",5,7,,,
"Upper body","23 Jul 2025, 20:09","23 Jul 2025, 21:05","","Lat Pulldown (Cable)",,"",1,"normal",8,10,,,
"Upper body","23 Jul 2025, 20:09","23 Jul 2025, 21:05","","Lat Pulldown (Cable)",,"",2,"normal",8,10,,,
"Upper body","23 Jul 2025, 20:09","23 Jul 2025, 21:05","","Lat Pulldown (Cable)",,"",3,"normal",8,8,,,
"Upper body","23 Jul 2025, 20:09","23 Jul 2025, 21:05","","Lat Pulldown (Cable)",,"",4,"normal",8,6,,,
"Upper body","23 Jul 2025, 20:09","23 Jul 2025, 21:05","","Seated Cable Row - Bar Grip",,"",0,"normal",7,12,,,
"Upper body","23 Jul 2025, 20:09","23 Jul 2025, 21:05","","Seated Cable Row - Bar Grip",,"",1,"normal",7,12,,,
"Upper body","23 Jul 2025, 20:09","23 Jul 2025, 21:05","","Seated Cable Row - Bar Grip",,"",2,"normal",7,12,,,
"Upper body","23 Jul 2025, 20:09","23 Jul 2025, 21:05","","Seated Cable Row - Bar Grip",,"",3,"normal",7,10,,,
"Upper body","23 Jul 2025, 20:09","23 Jul 2025, 21:05","","Front Raise (Dumbbell)",,"",0,"normal",5,14,,,
"Upper body","23 Jul 2025, 20:09","23 Jul 2025, 21:05","","Front Raise (Dumbbell)",,"",1,"normal",5,14,,,
"Upper body","23 Jul 2025, 20:09","23 Jul 2025, 21:05","","Front Raise (Dumbbell)",,"",2,"normal",5,14,,,
"Upper body","23 Jul 2025, 20:09","23 Jul 2025, 21:05","","Front Raise (Dumbbell)",,"",3,"normal",5,14,,,
"Upper body","23 Jul 2025, 20:09","23 Jul 2025, 21:05","","Lateral Raise (Dumbbell)",,"",0,"normal",5,6,,,
"Upper body","23 Jul 2025, 20:09","23 Jul 2025, 21:05","","Lateral Raise (Dumbbell)",,"",1,"normal",5,10,,,
"Upper body","23 Jul 2025, 20:09","23 Jul 2025, 21:05","","Lateral Raise (Dumbbell)",,"",2,"normal",5,10,,,
"Upper body","23 Jul 2025, 20:09","23 Jul 2025, 21:05","","Lateral Raise (Dumbbell)",,"",3,"normal",5,6,,,
"Upper body","23 Jul 2025, 20:09","23 Jul 2025, 21:05","","Rear Delt Reverse Fly (Machine)",,"",0,"normal",40,10,,,
"Upper body","23 Jul 2025, 20:09","23 Jul 2025, 21:05","","Rear Delt Reverse Fly (Machine)",,"",1,"normal",40,8,,,
"Upper body","23 Jul 2025, 20:09","23 Jul 2025, 21:05","","Rear Delt Reverse Fly (Machine)",,"",2,"normal",40,5,,,
"Upper body","23 Jul 2025, 20:09","23 Jul 2025, 21:05","","Rear Delt Reverse Fly (Machine)",,"",3,"normal",25,11,,,
"Upper body","23 Jul 2025, 20:09","23 Jul 2025, 21:05","","Butterfly (Pec Deck)",,"",0,"normal",55,14,,,
"Upper body","23 Jul 2025, 20:09","23 Jul 2025, 21:05","","Butterfly (Pec Deck)",,"",1,"normal",55,10,,,
"Upper body","23 Jul 2025, 20:09","23 Jul 2025, 21:05","","Butterfly (Pec Deck)",,"",2,"normal",55,6,,,
"Upper body","23 Jul 2025, 20:09","23 Jul 2025, 21:05","","Butterfly (Pec Deck)",,"",3,"normal",40,11,,,
"Upper body","23 Jul 2025, 20:09","23 Jul 2025, 21:05","","Treadmill",,"",0,"normal",,,0.35,300,
"Upper body","23 Jul 2025, 20:09","23 Jul 2025, 21:05","","Elliptical Trainer",,"",0,"normal",,,0.35,300,
"Lower body","21 Jul 2025, 20:04","21 Jul 2025, 21:02","","Leg Press (Machine)",,"",0,"normal",110,14,,,
"Lower body","21 Jul 2025, 20:04","21 Jul 2025, 21:02","","Leg Press (Machine)",,"",1,"normal",110,14,,,
"Lower body","21 Jul 2025, 20:04","21 Jul 2025, 21:02","","Leg Press (Machine)",,"",2,"normal",110,14,,,
"Lower body","21 Jul 2025, 20:04","21 Jul 2025, 21:02","","Leg Press (Machine)",,"",3,"normal",110,14,,,
"Lower body","21 Jul 2025, 20:04","21 Jul 2025, 21:02","","Seated Leg Curl (Machine)",,"",0,"normal",8,12,,,
"Lower body","21 Jul 2025, 20:04","21 Jul 2025, 21:02","","Seated Leg Curl (Machine)",,"",1,"normal",8,12,,,
"Lower body","21 Jul 2025, 20:04","21 Jul 2025, 21:02","","Seated Leg Curl (Machine)",,"",2,"normal",8,11,,,
"Lower body","21 Jul 2025, 20:04","21 Jul 2025, 21:02","","Seated Leg Curl (Machine)",,"",3,"normal",8,10,,,
"Lower body","21 Jul 2025, 20:04","21 Jul 2025, 21:02","","Lying Leg Curl (Machine)",,"",0,"normal",6,12,,,
"Lower body","21 Jul 2025, 20:04","21 Jul 2025, 21:02","","Lying Leg Curl (Machine)",,"",1,"normal",6,9,,,
"Lower body","21 Jul 2025, 20:04","21 Jul 2025, 21:02","","Lying Leg Curl (Machine)",,"",2,"normal",6,4,,,
"Lower body","21 Jul 2025, 20:04","21 Jul 2025, 21:02","","Goblet Squat",,"",0,"normal",15,14,,,
"Lower body","21 Jul 2025, 20:04","21 Jul 2025, 21:02","","Goblet Squat",,"",1,"normal",15,6,,,
"Lower body","21 Jul 2025, 20:04","21 Jul 2025, 21:02","","Standing Calf Raise (Dumbbell)",,"",0,"normal",15,20,,,
"Lower body","21 Jul 2025, 20:04","21 Jul 2025, 21:02","","Hip Abduction (Machine)",,"",0,"normal",60,10,,,
"Lower body","21 Jul 2025, 20:04","21 Jul 2025, 21:02","","Hip Abduction (Machine)",,"",1,"normal",60,7,,,
"Lower body","21 Jul 2025, 20:04","21 Jul 2025, 21:02","","Hip Adduction (Machine)",,"",0,"normal",75,8,,,
"Lower body","21 Jul 2025, 20:04","21 Jul 2025, 21:02","","Hip Adduction (Machine)",,"",1,"normal",75,10,,,
"Lower body","21 Jul 2025, 20:04","21 Jul 2025, 21:02","","Hip Adduction (Machine)",,"",2,"normal",75,6,,,
"Lower body","21 Jul 2025, 20:04","21 Jul 2025, 21:02","","Elliptical Trainer",,"",0,"normal",,,0.45,300,
"Lower body","21 Jul 2025, 20:04","21 Jul 2025, 21:02","","Elliptical Trainer",,"",1,"normal",,,1.45,990,
"Upper body","20 Jul 2025, 11:43","20 Jul 2025, 12:44","","Lat Pulldown (Cable)",,"",0,"normal",5,10,,,
"Upper body","20 Jul 2025, 11:43","20 Jul 2025, 12:44","","Lat Pulldown (Cable)",,"",1,"normal",7,12,,,
"Upper body","20 Jul 2025, 11:43","20 Jul 2025, 12:44","","Lat Pulldown (Cable)",,"",2,"normal",7,12,,,
"Upper body","20 Jul 2025, 11:43","20 Jul 2025, 12:44","","Lat Pulldown (Cable)",,"",3,"normal",7,10,,,
"Upper body","20 Jul 2025, 11:43","20 Jul 2025, 12:44","","Lat Pulldown (Cable)",,"",4,"normal",7,8,,,
"Upper body","20 Jul 2025, 11:43","20 Jul 2025, 12:44","","Seated Cable Row - Bar Grip",,"",0,"normal",7,12,,,
"Upper body","20 Jul 2025, 11:43","20 Jul 2025, 12:44","","Seated Cable Row - Bar Grip",,"",1,"normal",7,12,,,
"Upper body","20 Jul 2025, 11:43","20 Jul 2025, 12:44","","Seated Cable Row - Bar Grip",,"",2,"normal",7,10,,,
"Upper body","20 Jul 2025, 11:43","20 Jul 2025, 12:44","","Seated Cable Row - Bar Grip",,"",3,"normal",7,10,,,
"Upper body","20 Jul 2025, 11:43","20 Jul 2025, 12:44","","Bench Press (Dumbbell)",,"",0,"normal",7.5,14,,,
"Upper body","20 Jul 2025, 11:43","20 Jul 2025, 12:44","","Bench Press (Dumbbell)",,"",1,"normal",7.5,12,,,
"Upper body","20 Jul 2025, 11:43","20 Jul 2025, 12:44","","Bench Press (Dumbbell)",,"",2,"normal",7.5,10,,,
"Upper body","20 Jul 2025, 11:43","20 Jul 2025, 12:44","","Bench Press (Dumbbell)",,"",3,"normal",7.5,10,,,
"Upper body","20 Jul 2025, 11:43","20 Jul 2025, 12:44","","Seated Palms Up Wrist Curl",,"",0,"normal",7.5,8,,,
"Upper body","20 Jul 2025, 11:43","20 Jul 2025, 12:44","","Seated Palms Up Wrist Curl",,"",1,"normal",7.5,12,,,
"Upper body","20 Jul 2025, 11:43","20 Jul 2025, 12:44","","Seated Palms Up Wrist Curl",,"",2,"normal",7.5,12,,,
"Upper body","20 Jul 2025, 11:43","20 Jul 2025, 12:44","","Seated Palms Up Wrist Curl",,"",3,"normal",7.5,10,,,
"Upper body","20 Jul 2025, 11:43","20 Jul 2025, 12:44","","Dumbbell Row",,"",0,"normal",15,12,,,
"Upper body","20 Jul 2025, 11:43","20 Jul 2025, 12:44","","Dumbbell Row",,"",1,"normal",15,10,,,
"Upper body","20 Jul 2025, 11:43","20 Jul 2025, 12:44","","Dumbbell Row",,"",2,"normal",15,8,,,
"Upper body","20 Jul 2025, 11:43","20 Jul 2025, 12:44","","Shrug (Dumbbell)",,"",0,"normal",15,10,,,
"Upper body","20 Jul 2025, 11:43","20 Jul 2025, 12:44","","Shrug (Dumbbell)",,"",1,"normal",15,10,,,
"Upper body","20 Jul 2025, 11:43","20 Jul 2025, 12:44","","Shrug (Dumbbell)",,"",2,"normal",15,12,,,
"Upper body","20 Jul 2025, 11:43","20 Jul 2025, 12:44","","Chest Fly (Dumbbell)",,"",0,"normal",2.5,14,,,
"Upper body","20 Jul 2025, 11:43","20 Jul 2025, 12:44","","Skullcrusher (Dumbbell)",,"",0,"normal",2.5,16,,,
"Upper body","20 Jul 2025, 11:43","20 Jul 2025, 12:44","","Lateral Raise (Dumbbell)",,"",0,"normal",2.5,16,,,
"Upper body","20 Jul 2025, 11:43","20 Jul 2025, 12:44","","Hammer Curl (Dumbbell)",,"",0,"normal",7.5,9,,,
"Upper body","20 Jul 2025, 11:43","20 Jul 2025, 12:44","","Overhead Press (Dumbbell)",,"",0,"normal",7.5,8,,,
"Upper body","20 Jul 2025, 11:43","20 Jul 2025, 12:44","","Overhead Press (Dumbbell)",,"",1,"normal",7.5,6,,,
"Upper body","20 Jul 2025, 11:43","20 Jul 2025, 12:44","","Rear Delt Reverse Fly (Machine)",,"",0,"normal",25,12,,,
"Upper body","20 Jul 2025, 11:43","20 Jul 2025, 12:44","","Rear Delt Reverse Fly (Machine)",,"",1,"normal",25,8,,,
"Upper body","20 Jul 2025, 11:43","20 Jul 2025, 12:44","","Butterfly (Pec Deck)",,"",0,"normal",55,12,,,
"Upper body","20 Jul 2025, 11:43","20 Jul 2025, 12:44","","Butterfly (Pec Deck)",,"",1,"normal",55,9,,,
"Upper body","20 Jul 2025, 11:43","20 Jul 2025, 12:44","","Butterfly (Pec Deck)",,"",2,"normal",55,6,,,
"Lower body","19 Jul 2025, 12:01","19 Jul 2025, 13:05","","Leg Press (Machine)",,"Position 6 (90 degree angle)",0,"normal",110,14,,,
"Lower body","19 Jul 2025, 12:01","19 Jul 2025, 13:05","","Leg Press (Machine)",,"Position 6 (90 degree angle)",1,"normal",110,14,,,
"Lower body","19 Jul 2025, 12:01","19 Jul 2025, 13:05","","Leg Press (Machine)",,"Position 6 (90 degree angle)",2,"normal",110,14,,,
"Lower body","19 Jul 2025, 12:01","19 Jul 2025, 13:05","","Seated Leg Curl (Machine)",,"",0,"normal",7,12,,,
"Lower body","19 Jul 2025, 12:01","19 Jul 2025, 13:05","","Seated Leg Curl (Machine)",,"",1,"normal",7,12,,,
"Lower body","19 Jul 2025, 12:01","19 Jul 2025, 13:05","","Seated Leg Curl (Machine)",,"",2,"normal",7,12,,,
"Lower body","19 Jul 2025, 12:01","19 Jul 2025, 13:05","","Seated Leg Curl (Machine)",,"",3,"normal",7,10,,,
"Lower body","19 Jul 2025, 12:01","19 Jul 2025, 13:05","","Lying Leg Curl (Machine)",,"",0,"normal",5,14,,,
"Lower body","19 Jul 2025, 12:01","19 Jul 2025, 13:05","","Lying Leg Curl (Machine)",,"",1,"normal",5,12,,,
"Lower body","19 Jul 2025, 12:01","19 Jul 2025, 13:05","","Lying Leg Curl (Machine)",,"",2,"normal",5,12,,,
"Lower body","19 Jul 2025, 12:01","19 Jul 2025, 13:05","","Goblet Squat",,"",0,"normal",15,14,,,
"Lower body","19 Jul 2025, 12:01","19 Jul 2025, 13:05","","Goblet Squat",,"",1,"normal",15,14,,,
"Lower body","19 Jul 2025, 12:01","19 Jul 2025, 13:05","","Goblet Squat",,"",2,"normal",15,14,,,
"Lower body","19 Jul 2025, 12:01","19 Jul 2025, 13:05","","Standing Calf Raise (Dumbbell)",,"",0,"normal",15,20,,,
"Lower body","19 Jul 2025, 12:01","19 Jul 2025, 13:05","","Standing Calf Raise (Dumbbell)",,"",1,"normal",15,20,,,
"Lower body","19 Jul 2025, 12:01","19 Jul 2025, 13:05","","Hip Abduction (Machine)",,"",0,"normal",45,12,,,
"Lower body","19 Jul 2025, 12:01","19 Jul 2025, 13:05","","Hip Abduction (Machine)",,"",1,"normal",45,12,,,
"Lower body","19 Jul 2025, 12:01","19 Jul 2025, 13:05","","Hip Abduction (Machine)",,"",2,"normal",45,12,,,
"Lower body","19 Jul 2025, 12:01","19 Jul 2025, 13:05","","Hip Adduction (Machine)",,"",0,"normal",60,14,,,
"Lower body","19 Jul 2025, 12:01","19 Jul 2025, 13:05","","Hip Adduction (Machine)",,"",1,"normal",60,14,,,
"Lower body","19 Jul 2025, 12:01","19 Jul 2025, 13:05","","Hip Adduction (Machine)",,"",2,"normal",60,8,,,
"Lower body","19 Jul 2025, 12:01","19 Jul 2025, 13:05","","Elliptical Trainer",,"",0,"normal",,,0.5,300,
"Lower body","19 Jul 2025, 12:01","19 Jul 2025, 13:05","","Elliptical Trainer",,"",1,"normal",,,1.25,1200,
"Upper body","18 Jul 2025, 19:34","18 Jul 2025, 20:46","","Lat Pulldown (Cable)",,"",0,"normal",6,14,,,
"Upper body","18 Jul 2025, 19:34","18 Jul 2025, 20:46","","Lat Pulldown (Cable)",,"",1,"normal",6,7,,,
"Upper body","18 Jul 2025, 19:34","18 Jul 2025, 20:46","","Lat Pulldown (Cable)",,"",2,"normal",7,10,,,
"Upper body","18 Jul 2025, 19:34","18 Jul 2025, 20:46","","Seated Cable Row - Bar Grip",,"",0,"normal",7,8,,,
"Upper body","18 Jul 2025, 19:34","18 Jul 2025, 20:46","","Seated Cable Row - Bar Grip",,"",1,"normal",7,10,,,
"Upper body","18 Jul 2025, 19:34","18 Jul 2025, 20:46","","Seated Cable Row - Bar Grip",,"",2,"normal",7,8,,,
"Upper body","18 Jul 2025, 19:34","18 Jul 2025, 20:46","","Seated Cable Row - Bar Grip",,"",3,"normal",7,8,,,
"Upper body","18 Jul 2025, 19:34","18 Jul 2025, 20:46","","Bench Press (Dumbbell)",,"",0,"normal",7.5,6,,,
"Upper body","18 Jul 2025, 19:34","18 Jul 2025, 20:46","","Bench Press (Dumbbell)",,"",1,"normal",7.5,12,,,
"Upper body","18 Jul 2025, 19:34","18 Jul 2025, 20:46","","Bench Press (Dumbbell)",,"",2,"normal",7.5,8,,,
"Upper body","18 Jul 2025, 19:34","18 Jul 2025, 20:46","","Bench Press (Dumbbell)",,"",3,"normal",7.5,8,,,
"Upper body","18 Jul 2025, 19:34","18 Jul 2025, 20:46","","Seated Palms Up Wrist Curl",,"",0,"normal",7.5,12,,,
"Upper body","18 Jul 2025, 19:34","18 Jul 2025, 20:46","","Seated Palms Up Wrist Curl",,"",1,"normal",7.5,6,,,
"Upper body","18 Jul 2025, 19:34","18 Jul 2025, 20:46","","Seated Palms Up Wrist Curl",,"",2,"normal",7.5,10,,,
"Upper body","18 Jul 2025, 19:34","18 Jul 2025, 20:46","","Shrug (Dumbbell)",,"",0,"normal",7.5,12,,,
"Upper body","18 Jul 2025, 19:34","18 Jul 2025, 20:46","","Front Raise (Dumbbell)",,"",0,"normal",2.5,8,,,
"Upper body","18 Jul 2025, 19:34","18 Jul 2025, 20:46","","Front Raise (Dumbbell)",,"",1,"normal",5,10,,,
"Upper body","18 Jul 2025, 19:34","18 Jul 2025, 20:46","","Front Raise (Dumbbell)",,"",2,"normal",5,10,,,
"Upper body","18 Jul 2025, 19:34","18 Jul 2025, 20:46","","Front Raise (Dumbbell)",,"",3,"normal",5,12,,,
"Upper body","18 Jul 2025, 19:34","18 Jul 2025, 20:46","","Lateral Raise (Dumbbell)",,"",0,"normal",2.5,12,,,
"Upper body","18 Jul 2025, 19:34","18 Jul 2025, 20:46","","Lateral Raise (Dumbbell)",,"",1,"normal",2.5,14,,,
"Upper body","18 Jul 2025, 19:34","18 Jul 2025, 20:46","","Lateral Raise (Dumbbell)",,"",2,"normal",2.5,12,,,
"Upper body","18 Jul 2025, 19:34","18 Jul 2025, 20:46","","Lateral Raise (Dumbbell)",,"",3,"normal",2.5,12,,,
"Upper body","18 Jul 2025, 19:34","18 Jul 2025, 20:46","","Bicep Curl (Dumbbell)",,"",0,"normal",7.5,10,,,
"Upper body","18 Jul 2025, 19:34","18 Jul 2025, 20:46","","Bicep Curl (Dumbbell)",,"",1,"normal",7.5,7,,,
"Upper body","18 Jul 2025, 19:34","18 Jul 2025, 20:46","","Bicep Curl (Dumbbell)",,"",2,"normal",5,12,,,
"Upper body","18 Jul 2025, 19:34","18 Jul 2025, 20:46","","Hammer Curl (Dumbbell)",,"",0,"normal",5,12,,,
"Upper body","18 Jul 2025, 19:34","18 Jul 2025, 20:46","","Hammer Curl (Dumbbell)",,"",1,"normal",7.5,10,,,
"Upper body","18 Jul 2025, 19:34","18 Jul 2025, 20:46","","Hammer Curl (Dumbbell)",,"",2,"normal",5,15,,,
"Upper body","18 Jul 2025, 19:34","18 Jul 2025, 20:46","","Overhead Press (Dumbbell)",,"",0,"normal",5,12,,,
"Upper body","18 Jul 2025, 19:34","18 Jul 2025, 20:46","","Overhead Press (Dumbbell)",,"",1,"normal",7.5,8,,,
"Upper body","18 Jul 2025, 19:34","18 Jul 2025, 20:46","","Overhead Press (Dumbbell)",,"",2,"normal",7.5,5,,,
"Upper body","18 Jul 2025, 19:34","18 Jul 2025, 20:46","","Overhead Press (Dumbbell)",,"",3,"normal",7.5,4,,,
"Upper body","18 Jul 2025, 19:34","18 Jul 2025, 20:46","","Overhead Press (Dumbbell)",,"",4,"normal",7.5,8,,,
"Upper body","18 Jul 2025, 19:34","18 Jul 2025, 20:46","","Rear Delt Reverse Fly (Machine)",,"",0,"normal",40,7,,,
"Upper body","18 Jul 2025, 19:34","18 Jul 2025, 20:46","","Rear Delt Reverse Fly (Machine)",,"",1,"normal",40,6,,,
"Upper body","18 Jul 2025, 19:34","18 Jul 2025, 20:46","","Rear Delt Reverse Fly (Machine)",,"",2,"normal",40,5,,,
"Upper body","18 Jul 2025, 19:34","18 Jul 2025, 20:46","","Butterfly (Pec Deck)",,"",0,"normal",55,10,,,
"Upper body","18 Jul 2025, 19:34","18 Jul 2025, 20:46","","Butterfly (Pec Deck)",,"",1,"normal",55,10,,,
"Upper body","18 Jul 2025, 19:34","18 Jul 2025, 20:46","","Butterfly (Pec Deck)",,"",2,"normal",55,6,,,
"Upper body","16 Jul 2025, 20:01","16 Jul 2025, 21:03","","Lat Pulldown (Cable)",,"",0,"normal",7,14,,,
"Upper body","16 Jul 2025, 20:01","16 Jul 2025, 21:03","","Lat Pulldown (Cable)",,"",1,"normal",7,14,,,
"Upper body","16 Jul 2025, 20:01","16 Jul 2025, 21:03","","Lat Pulldown (Cable)",,"",2,"normal",7,10,,,
"Upper body","16 Jul 2025, 20:01","16 Jul 2025, 21:03","","Lat Pulldown (Cable)",,"",3,"normal",7,6,,,
"Upper body","16 Jul 2025, 20:01","16 Jul 2025, 21:03","","Seated Cable Row - Bar Grip",,"",0,"normal",6,12,,,
"Upper body","16 Jul 2025, 20:01","16 Jul 2025, 21:03","","Seated Cable Row - Bar Grip",,"",1,"normal",6,12,,,
"Upper body","16 Jul 2025, 20:01","16 Jul 2025, 21:03","","Seated Cable Row - Bar Grip",,"",2,"normal",6,12,,,
"Upper body","16 Jul 2025, 20:01","16 Jul 2025, 21:03","","Seated Cable Row - Bar Grip",,"",3,"normal",7,8,,,
"Upper body","16 Jul 2025, 20:01","16 Jul 2025, 21:03","","Bench Press (Dumbbell)",,"",0,"normal",7.5,14,,,
"Upper body","16 Jul 2025, 20:01","16 Jul 2025, 21:03","","Bench Press (Dumbbell)",,"",1,"normal",7.5,14,,,
"Upper body","16 Jul 2025, 20:01","16 Jul 2025, 21:03","","Bench Press (Dumbbell)",,"",2,"normal",7.5,8,,,
"Upper body","16 Jul 2025, 20:01","16 Jul 2025, 21:03","","Bench Press (Dumbbell)",,"",3,"normal",7.5,8,,,
"Upper body","16 Jul 2025, 20:01","16 Jul 2025, 21:03","","Seated Palms Up Wrist Curl",,"",0,"normal",7.5,8,,,
"Upper body","16 Jul 2025, 20:01","16 Jul 2025, 21:03","","Seated Palms Up Wrist Curl",,"",1,"normal",7.5,8,,,
"Upper body","16 Jul 2025, 20:01","16 Jul 2025, 21:03","","Seated Palms Up Wrist Curl",,"",2,"normal",7.5,8,,,
"Upper body","16 Jul 2025, 20:01","16 Jul 2025, 21:03","","Seated Palms Up Wrist Curl",,"",3,"normal",7.5,7,,,
"Upper body","16 Jul 2025, 20:01","16 Jul 2025, 21:03","","Dumbbell Row",,"",0,"normal",15,12,,,
"Upper body","16 Jul 2025, 20:01","16 Jul 2025, 21:03","","Dumbbell Row",,"",1,"normal",15,12,,,
"Upper body","16 Jul 2025, 20:01","16 Jul 2025, 21:03","","Dumbbell Row",,"",2,"normal",15,10,,,
"Upper body","16 Jul 2025, 20:01","16 Jul 2025, 21:03","","Shrug (Dumbbell)",,"",0,"normal",15,10,,,
"Upper body","16 Jul 2025, 20:01","16 Jul 2025, 21:03","","Shrug (Dumbbell)",,"",1,"normal",15,12,,,
"Upper body","16 Jul 2025, 20:01","16 Jul 2025, 21:03","","Shrug (Dumbbell)",,"",2,"normal",15,10,,,
"Upper body","16 Jul 2025, 20:01","16 Jul 2025, 21:03","","Chest Fly (Dumbbell)",,"",0,"normal",2.5,14,,,
"Upper body","16 Jul 2025, 20:01","16 Jul 2025, 21:03","","Chest Fly (Dumbbell)",,"",1,"normal",2.5,14,,,
"Upper body","16 Jul 2025, 20:01","16 Jul 2025, 21:03","","Chest Fly (Dumbbell)",,"",2,"normal",2.5,14,,,
"Upper body","16 Jul 2025, 20:01","16 Jul 2025, 21:03","","Skullcrusher (Dumbbell)",,"",0,"normal",2.5,14,,,
"Upper body","16 Jul 2025, 20:01","16 Jul 2025, 21:03","","Skullcrusher (Dumbbell)",,"",1,"normal",2.5,14,,,
"Upper body","16 Jul 2025, 20:01","16 Jul 2025, 21:03","","Skullcrusher (Dumbbell)",,"",2,"normal",2.5,14,,,
"Upper body","16 Jul 2025, 20:01","16 Jul 2025, 21:03","","Elliptical Trainer",,"",0,"normal",,,0.45,270,
"Upper body","14 Jul 2025, 20:05","14 Jul 2025, 20:59","","Lat Pulldown (Cable)",,"",0,"normal",5,10,,,
"Upper body","14 Jul 2025, 20:05","14 Jul 2025, 20:59","","Lat Pulldown (Cable)",,"",1,"normal",7,12,,,
"Upper body","14 Jul 2025, 20:05","14 Jul 2025, 20:59","","Lat Pulldown (Cable)",,"",2,"normal",7,14,,,
"Upper body","14 Jul 2025, 20:05","14 Jul 2025, 20:59","","Lat Pulldown (Cable)",,"",3,"normal",7,8,,,
"Upper body","14 Jul 2025, 20:05","14 Jul 2025, 20:59","","Lat Pulldown (Cable)",,"",4,"normal",7,8,,,
"Upper body","14 Jul 2025, 20:05","14 Jul 2025, 20:59","","Seated Cable Row - Bar Grip",,"",0,"normal",6,12,,,
"Upper body","14 Jul 2025, 20:05","14 Jul 2025, 20:59","","Seated Cable Row - Bar Grip",,"",1,"normal",6,12,,,
"Upper body","14 Jul 2025, 20:05","14 Jul 2025, 20:59","","Seated Cable Row - Bar Grip",,"",2,"normal",6,12,,,
"Upper body","14 Jul 2025, 20:05","14 Jul 2025, 20:59","","Seated Cable Row - Bar Grip",,"",3,"normal",6,10,,,
"Upper body","14 Jul 2025, 20:05","14 Jul 2025, 20:59","","Bench Press (Dumbbell)",,"",0,"normal",7.5,12,,,
"Upper body","14 Jul 2025, 20:05","14 Jul 2025, 20:59","","Bench Press (Dumbbell)",,"",1,"normal",7.5,8,,,
"Upper body","14 Jul 2025, 20:05","14 Jul 2025, 20:59","","Bench Press (Dumbbell)",,"",2,"normal",7.5,8,,,
"Upper body","14 Jul 2025, 20:05","14 Jul 2025, 20:59","","Dumbbell Row",,"",0,"normal",15,11,,,
"Upper body","14 Jul 2025, 20:05","14 Jul 2025, 20:59","","Dumbbell Row",,"",1,"normal",15,11,,,
"Upper body","14 Jul 2025, 20:05","14 Jul 2025, 20:59","","Dumbbell Row",,"",2,"normal",15,10,,,
"Upper body","14 Jul 2025, 20:05","14 Jul 2025, 20:59","","Seated Palms Up Wrist Curl",,"",0,"normal",7.5,6,,,
"Upper body","14 Jul 2025, 20:05","14 Jul 2025, 20:59","","Seated Palms Up Wrist Curl",,"",1,"normal",7.5,6,,,
"Upper body","14 Jul 2025, 20:05","14 Jul 2025, 20:59","","Shrug (Dumbbell)",,"",0,"normal",15,12,,,
"Upper body","14 Jul 2025, 20:05","14 Jul 2025, 20:59","","Shrug (Dumbbell)",,"",1,"normal",15,12,,,
"Upper body","14 Jul 2025, 20:05","14 Jul 2025, 20:59","","Rear Delt Reverse Fly (Machine)",,"",0,"normal",25,17,,,
"Upper body","14 Jul 2025, 20:05","14 Jul 2025, 20:59","","Rear Delt Reverse Fly (Machine)",,"",1,"normal",25,16,,,
"Upper body","14 Jul 2025, 20:05","14 Jul 2025, 20:59","","Rear Delt Reverse Fly (Machine)",,"",2,"normal",25,10,,,
"Upper body","14 Jul 2025, 20:05","14 Jul 2025, 20:59","","Butterfly (Pec Deck)",,"",0,"normal",55,12,,,
"Upper body","14 Jul 2025, 20:05","14 Jul 2025, 20:59","","Butterfly (Pec Deck)",,"",1,"normal",55,12,,,
"Upper body","14 Jul 2025, 20:05","14 Jul 2025, 20:59","","Butterfly (Pec Deck)",,"",2,"normal",55,8,,,
"Upper body","14 Jul 2025, 20:05","14 Jul 2025, 20:59","","Butterfly (Pec Deck)",,"",3,"normal",55,7,,,
"Upper body","14 Jul 2025, 20:05","14 Jul 2025, 20:59","","Elliptical Trainer",,"",0,"normal",,,0.45,270,
"Lower body","13 Jul 2025, 12:54","13 Jul 2025, 13:58","","Leg Press (Machine)",,"",0,"normal",110,6,,,
"Lower body","13 Jul 2025, 12:54","13 Jul 2025, 13:58","","Leg Press (Machine)",,"",1,"normal",110,8,,,
"Lower body","13 Jul 2025, 12:54","13 Jul 2025, 13:58","","Leg Press (Machine)",,"",2,"normal",110,6,,,
"Lower body","13 Jul 2025, 12:54","13 Jul 2025, 13:58","","Seated Leg Curl (Machine)",,"",0,"normal",7,12,,,
"Lower body","13 Jul 2025, 12:54","13 Jul 2025, 13:58","","Seated Leg Curl (Machine)",,"",1,"normal",7,14,,,
"Lower body","13 Jul 2025, 12:54","13 Jul 2025, 13:58","","Seated Leg Curl (Machine)",,"",2,"normal",7,12,,,
"Lower body","13 Jul 2025, 12:54","13 Jul 2025, 13:58","","Lying Leg Curl (Machine)",,"",0,"normal",5,12,,,
"Lower body","13 Jul 2025, 12:54","13 Jul 2025, 13:58","","Lying Leg Curl (Machine)",,"",1,"normal",5,12,,,
"Lower body","13 Jul 2025, 12:54","13 Jul 2025, 13:58","","Lying Leg Curl (Machine)",,"",2,"normal",5,10,,,
"Lower body","13 Jul 2025, 12:54","13 Jul 2025, 13:58","","Goblet Squat",,"",0,"normal",15,14,,,
"Lower body","13 Jul 2025, 12:54","13 Jul 2025, 13:58","","Goblet Squat",,"",1,"normal",15,14,,,
"Lower body","13 Jul 2025, 12:54","13 Jul 2025, 13:58","","Goblet Squat",,"",2,"normal",15,14,,,
"Lower body","13 Jul 2025, 12:54","13 Jul 2025, 13:58","","Goblet Squat",,"",3,"normal",15,14,,,
"Lower body","13 Jul 2025, 12:54","13 Jul 2025, 13:58","","Standing Calf Raise (Dumbbell)",,"",0,"normal",15,20,,,
"Lower body","13 Jul 2025, 12:54","13 Jul 2025, 13:58","","Standing Calf Raise (Dumbbell)",,"",1,"normal",15,20,,,
"Lower body","13 Jul 2025, 12:54","13 Jul 2025, 13:58","","Standing Calf Raise (Dumbbell)",,"",2,"normal",15,20,,,
"Lower body","13 Jul 2025, 12:54","13 Jul 2025, 13:58","","Standing Calf Raise (Dumbbell)",,"",3,"normal",15,20,,,
"Lower body","13 Jul 2025, 12:54","13 Jul 2025, 13:58","","Romanian Deadlift (Dumbbell)",,"",0,"normal",7.5,16,,,
"Lower body","13 Jul 2025, 12:54","13 Jul 2025, 13:58","","Romanian Deadlift (Dumbbell)",,"",1,"normal",7.5,16,,,
"Lower body","13 Jul 2025, 12:54","13 Jul 2025, 13:58","","Romanian Deadlift (Dumbbell)",,"",2,"normal",7.5,10,,,
"Lower body","13 Jul 2025, 12:54","13 Jul 2025, 13:58","","Hip Abduction (Machine)",,"",0,"normal",45,16,,,
"Lower body","13 Jul 2025, 12:54","13 Jul 2025, 13:58","","Hip Abduction (Machine)",,"",1,"normal",45,16,,,
"Lower body","13 Jul 2025, 12:54","13 Jul 2025, 13:58","","Hip Abduction (Machine)",,"",2,"normal",45,18,,,
"Lower body","13 Jul 2025, 12:54","13 Jul 2025, 13:58","","Hip Abduction (Machine)",,"",3,"normal",45,16,,,
"Lower body","13 Jul 2025, 12:54","13 Jul 2025, 13:58","","Hip Adduction (Machine)",,"",0,"normal",60,16,,,
"Lower body","13 Jul 2025, 12:54","13 Jul 2025, 13:58","","Hip Adduction (Machine)",,"",1,"normal",60,16,,,
"Lower body","13 Jul 2025, 12:54","13 Jul 2025, 13:58","","Hip Adduction (Machine)",,"",2,"normal",60,6,,,
"Lower body","13 Jul 2025, 12:54","13 Jul 2025, 13:58","","Elliptical Trainer",,"",0,"normal",,,0.35,240,
"Lower body","13 Jul 2025, 12:54","13 Jul 2025, 13:58","","Elliptical Trainer",,"",1,"normal",,,1.1,960,
"Upper body","12 Jul 2025, 12:39","12 Jul 2025, 13:39","","Bench Press (Dumbbell)",,"",0,"normal",7.5,6,,,
"Upper body","12 Jul 2025, 12:39","12 Jul 2025, 13:39","","Bench Press (Dumbbell)",,"",1,"normal",7.5,14,,,
"Upper body","12 Jul 2025, 12:39","12 Jul 2025, 13:39","","Bench Press (Dumbbell)",,"",2,"normal",7.5,10,,,
"Upper body","12 Jul 2025, 12:39","12 Jul 2025, 13:39","","Bench Press (Dumbbell)",,"",3,"normal",7.5,8,,,
"Upper body","12 Jul 2025, 12:39","12 Jul 2025, 13:39","","Bench Press (Dumbbell)",,"",4,"normal",5,12,,,
"Upper body","12 Jul 2025, 12:39","12 Jul 2025, 13:39","","Bench Press (Dumbbell)",,"",5,"normal",5,14,,,
"Upper body","12 Jul 2025, 12:39","12 Jul 2025, 13:39","","Bench Press (Dumbbell)",,"",6,"normal",5,14,,,
"Upper body","12 Jul 2025, 12:39","12 Jul 2025, 13:39","","Dumbbell Row",,"",0,"normal",15,10,,,
"Upper body","12 Jul 2025, 12:39","12 Jul 2025, 13:39","","Dumbbell Row",,"",1,"normal",15,12,,,
"Upper body","12 Jul 2025, 12:39","12 Jul 2025, 13:39","","Dumbbell Row",,"",2,"normal",15,10,,,
"Upper body","12 Jul 2025, 12:39","12 Jul 2025, 13:39","","Seated Palms Up Wrist Curl",,"",0,"normal",5,14,,,
"Upper body","12 Jul 2025, 12:39","12 Jul 2025, 13:39","","Seated Palms Up Wrist Curl",,"",1,"normal",5,14,,,
"Upper body","12 Jul 2025, 12:39","12 Jul 2025, 13:39","","Seated Palms Up Wrist Curl",,"",2,"normal",5,14,,,
"Upper body","12 Jul 2025, 12:39","12 Jul 2025, 13:39","","Front Raise (Dumbbell)",,"",0,"normal",5,10,,,
"Upper body","12 Jul 2025, 12:39","12 Jul 2025, 13:39","","Front Raise (Dumbbell)",,"",1,"normal",5,8,,,
"Upper body","12 Jul 2025, 12:39","12 Jul 2025, 13:39","","Front Raise (Dumbbell)",,"",2,"normal",5,8,,,
"Upper body","12 Jul 2025, 12:39","12 Jul 2025, 13:39","","Lateral Raise (Dumbbell)",,"",0,"normal",2.5,8,,,
"Upper body","12 Jul 2025, 12:39","12 Jul 2025, 13:39","","Lateral Raise (Dumbbell)",,"",1,"normal",2.5,8,,,
"Upper body","12 Jul 2025, 12:39","12 Jul 2025, 13:39","","Lateral Raise (Dumbbell)",,"",2,"normal",2.5,8,,,
"Upper body","12 Jul 2025, 12:39","12 Jul 2025, 13:39","","Hammer Curl (Dumbbell)",,"",0,"normal",5,14,,,
"Upper body","12 Jul 2025, 12:39","12 Jul 2025, 13:39","","Hammer Curl (Dumbbell)",,"",1,"normal",5,14,,,
"Upper body","12 Jul 2025, 12:39","12 Jul 2025, 13:39","","Hammer Curl (Dumbbell)",,"",2,"normal",5,14,,,
"Upper body","12 Jul 2025, 12:39","12 Jul 2025, 13:39","","Overhead Press (Dumbbell)",,"",0,"normal",5,12,,,
"Upper body","12 Jul 2025, 12:39","12 Jul 2025, 13:39","","Overhead Press (Dumbbell)",,"",1,"normal",5,10,,,
"Upper body","12 Jul 2025, 12:39","12 Jul 2025, 13:39","","Overhead Press (Dumbbell)",,"",2,"normal",5,5,,,
"Upper body","12 Jul 2025, 12:39","12 Jul 2025, 13:39","","Rear Delt Reverse Fly (Machine)",,"",0,"normal",25,16,,,
"Upper body","12 Jul 2025, 12:39","12 Jul 2025, 13:39","","Rear Delt Reverse Fly (Machine)",,"",1,"normal",25,15,,,
"Upper body","12 Jul 2025, 12:39","12 Jul 2025, 13:39","","Rear Delt Reverse Fly (Machine)",,"",2,"normal",25,10,,,
"Upper body","12 Jul 2025, 12:39","12 Jul 2025, 13:39","","Butterfly (Pec Deck)",,"",0,"normal",40,17,,,
"Upper body","12 Jul 2025, 12:39","12 Jul 2025, 13:39","","Butterfly (Pec Deck)",,"",1,"normal",40,17,,,
"Upper body","12 Jul 2025, 12:39","12 Jul 2025, 13:39","","Butterfly (Pec Deck)",,"",2,"normal",40,12,,,
"Upper body","12 Jul 2025, 12:39","12 Jul 2025, 13:39","","Treadmill",,"",0,"normal",,,0.35,330,
"Lower body","11 Jul 2025, 20:14","11 Jul 2025, 21:13","","Leg Press (Machine)",,"",0,"normal",110,14,,,
"Lower body","11 Jul 2025, 20:14","11 Jul 2025, 21:13","","Leg Press (Machine)",,"",1,"normal",110,14,,,
"Lower body","11 Jul 2025, 20:14","11 Jul 2025, 21:13","","Leg Press (Machine)",,"",2,"normal",110,14,,,
"Lower body","11 Jul 2025, 20:14","11 Jul 2025, 21:13","","Goblet Squat",,"",0,"normal",15,14,,,
"Lower body","11 Jul 2025, 20:14","11 Jul 2025, 21:13","","Goblet Squat",,"",1,"normal",15,14,,,
"Lower body","11 Jul 2025, 20:14","11 Jul 2025, 21:13","","Goblet Squat",,"",2,"normal",15,14,,,
"Lower body","11 Jul 2025, 20:14","11 Jul 2025, 21:13","","Standing Calf Raise (Dumbbell)",,"",0,"normal",15,20,,,
"Lower body","11 Jul 2025, 20:14","11 Jul 2025, 21:13","","Standing Calf Raise (Dumbbell)",,"",1,"normal",15,20,,,
"Lower body","11 Jul 2025, 20:14","11 Jul 2025, 21:13","","Standing Calf Raise (Dumbbell)",,"",2,"normal",15,20,,,
"Lower body","11 Jul 2025, 20:14","11 Jul 2025, 21:13","","Romanian Deadlift (Dumbbell)",,"",0,"normal",7.5,12,,,
"Lower body","11 Jul 2025, 20:14","11 Jul 2025, 21:13","","Romanian Deadlift (Dumbbell)",,"",1,"normal",7.5,16,,,
"Lower body","11 Jul 2025, 20:14","11 Jul 2025, 21:13","","Romanian Deadlift (Dumbbell)",,"",2,"normal",7.5,16,,,
"Lower body","11 Jul 2025, 20:14","11 Jul 2025, 21:13","","Hip Abduction (Machine)",,"",0,"normal",45,18,,,
"Lower body","11 Jul 2025, 20:14","11 Jul 2025, 21:13","","Hip Abduction (Machine)",,"",1,"normal",60,4,,,
"Lower body","11 Jul 2025, 20:14","11 Jul 2025, 21:13","","Hip Abduction (Machine)",,"",2,"normal",60,6,,,
"Lower body","11 Jul 2025, 20:14","11 Jul 2025, 21:13","","Hip Abduction (Machine)",,"",3,"normal",45,16,,,
"Lower body","11 Jul 2025, 20:14","11 Jul 2025, 21:13","","Hip Adduction (Machine)",,"",0,"normal",60,16,,,
"Lower body","11 Jul 2025, 20:14","11 Jul 2025, 21:13","","Hip Adduction (Machine)",,"",1,"normal",60,16,,,
"Lower body","11 Jul 2025, 20:14","11 Jul 2025, 21:13","","Hip Adduction (Machine)",,"",2,"normal",60,12,,,
"Lower body","11 Jul 2025, 20:14","11 Jul 2025, 21:13","","Treadmill",,"",0,"normal",,,1.25,1200,
"Lower body","11 Jul 2025, 20:14","11 Jul 2025, 21:13","","Elliptical Trainer",,"",0,"normal",,,0.65,450,
"Upper body","10 Jul 2025, 20:17","10 Jul 2025, 21:05","","Lat Pulldown (Cable)",,"",0,"normal",6,14,,,
"Upper body","10 Jul 2025, 20:17","10 Jul 2025, 21:05","","Lat Pulldown (Cable)",,"",1,"normal",6,10,,,
"Upper body","10 Jul 2025, 20:17","10 Jul 2025, 21:05","","Lat Pulldown (Cable)",,"",2,"normal",6,10,,,
"Upper body","10 Jul 2025, 20:17","10 Jul 2025, 21:05","","Seated Cable Row - Bar Grip",,"",0,"normal",6,12,,,
"Upper body","10 Jul 2025, 20:17","10 Jul 2025, 21:05","","Seated Cable Row - Bar Grip",,"",1,"normal",6,12,,,
"Upper body","10 Jul 2025, 20:17","10 Jul 2025, 21:05","","Seated Cable Row - Bar Grip",,"",2,"normal",6,10,,,
"Upper body","10 Jul 2025, 20:17","10 Jul 2025, 21:05","","Bench Press (Dumbbell)",,"",0,"normal",5,14,,,
"Upper body","10 Jul 2025, 20:17","10 Jul 2025, 21:05","","Bench Press (Dumbbell)",,"",1,"normal",7.5,14,,,
"Upper body","10 Jul 2025, 20:17","10 Jul 2025, 21:05","","Bench Press (Dumbbell)",,"",2,"normal",7.5,8,,,
"Upper body","10 Jul 2025, 20:17","10 Jul 2025, 21:05","","Bench Press (Dumbbell)",,"",3,"normal",7.5,6,,,
"Upper body","10 Jul 2025, 20:17","10 Jul 2025, 21:05","","Dumbbell Row",,"",0,"normal",15,12,,,
"Upper body","10 Jul 2025, 20:17","10 Jul 2025, 21:05","","Dumbbell Row",,"",1,"normal",15,10,,,
"Upper body","10 Jul 2025, 20:17","10 Jul 2025, 21:05","","Dumbbell Row",,"",2,"normal",15,10,,,
"Upper body","10 Jul 2025, 20:17","10 Jul 2025, 21:05","","Chest Fly (Dumbbell)",,"",0,"normal",2.5,12,,,
"Upper body","10 Jul 2025, 20:17","10 Jul 2025, 21:05","","Chest Fly (Dumbbell)",,"",1,"normal",2.5,14,,,
"Upper body","10 Jul 2025, 20:17","10 Jul 2025, 21:05","","Chest Fly (Dumbbell)",,"",2,"normal",2.5,14,,,
"Upper body","10 Jul 2025, 20:17","10 Jul 2025, 21:05","","Skullcrusher (Dumbbell)",,"",0,"normal",2.5,12,,,
"Upper body","10 Jul 2025, 20:17","10 Jul 2025, 21:05","","Skullcrusher (Dumbbell)",,"",1,"normal",2.5,14,,,
"Upper body","10 Jul 2025, 20:17","10 Jul 2025, 21:05","","Skullcrusher (Dumbbell)",,"",2,"normal",2.5,12,,,
"Upper body","10 Jul 2025, 20:17","10 Jul 2025, 21:05","","Seated Palms Up Wrist Curl",,"",0,"normal",5,12,,,
"Upper body","10 Jul 2025, 20:17","10 Jul 2025, 21:05","","Seated Palms Up Wrist Curl",,"",1,"normal",5,12,,,
"Upper body","10 Jul 2025, 20:17","10 Jul 2025, 21:05","","Seated Palms Up Wrist Curl",,"",2,"normal",5,10,,,
"Upper body","10 Jul 2025, 20:17","10 Jul 2025, 21:05","","Reverse Curl (Dumbbell)",,"",0,"normal",5,12,,,
"Upper body","10 Jul 2025, 20:17","10 Jul 2025, 21:05","","Reverse Curl (Dumbbell)",,"",1,"normal",5,12,,,
"Upper body","10 Jul 2025, 20:17","10 Jul 2025, 21:05","","Hammer Curl (Dumbbell)",,"",0,"normal",5,12,,,
"Upper body","10 Jul 2025, 20:17","10 Jul 2025, 21:05","","Overhead Press (Dumbbell)",,"",0,"normal",5,14,,,
"Upper body","10 Jul 2025, 20:17","10 Jul 2025, 21:05","","Butterfly (Pec Deck)",,"",0,"normal",40,16,,,
"Lower body","9 Jul 2025, 20:15","9 Jul 2025, 21:04","","Leg Press (Machine)",,"Seat position 5 (legs at 90 degree angle)",0,"normal",110,12,,,
"Lower body","9 Jul 2025, 20:15","9 Jul 2025, 21:04","","Leg Press (Machine)",,"Seat position 5 (legs at 90 degree angle)",1,"normal",110,14,,,
"Lower body","9 Jul 2025, 20:15","9 Jul 2025, 21:04","","Leg Press (Machine)",,"Seat position 5 (legs at 90 degree angle)",2,"normal",110,12,,,
"Lower body","9 Jul 2025, 20:15","9 Jul 2025, 21:04","","Seated Leg Curl (Machine)",,"",0,"normal",8,12,,,
"Lower body","9 Jul 2025, 20:15","9 Jul 2025, 21:04","","Seated Leg Curl (Machine)",,"",1,"normal",8,12,,,
"Lower body","9 Jul 2025, 20:15","9 Jul 2025, 21:04","","Seated Leg Curl (Machine)",,"",2,"normal",8,12,,,
"Lower body","9 Jul 2025, 20:15","9 Jul 2025, 21:04","","Lying Leg Curl (Machine)",,"",0,"normal",5,12,,,
"Lower body","9 Jul 2025, 20:15","9 Jul 2025, 21:04","","Lying Leg Curl (Machine)",,"",1,"normal",5,12,,,
"Lower body","9 Jul 2025, 20:15","9 Jul 2025, 21:04","","Lying Leg Curl (Machine)",,"",2,"normal",5,10,,,
"Lower body","9 Jul 2025, 20:15","9 Jul 2025, 21:04","","Goblet Squat",,"",0,"normal",15,12,,,
"Lower body","9 Jul 2025, 20:15","9 Jul 2025, 21:04","","Goblet Squat",,"",1,"normal",15,12,,,
"Lower body","9 Jul 2025, 20:15","9 Jul 2025, 21:04","","Goblet Squat",,"",2,"normal",15,12,,,
"Lower body","9 Jul 2025, 20:15","9 Jul 2025, 21:04","","Standing Calf Raise (Dumbbell)",,"",0,"normal",15,20,,,
"Lower body","9 Jul 2025, 20:15","9 Jul 2025, 21:04","","Standing Calf Raise (Dumbbell)",,"",1,"normal",15,20,,,
"Lower body","9 Jul 2025, 20:15","9 Jul 2025, 21:04","","Standing Calf Raise (Dumbbell)",,"",2,"normal",15,20,,,
"Lower body","9 Jul 2025, 20:15","9 Jul 2025, 21:04","","Elliptical Trainer",,"",0,"normal",,,0.35,180,
"Lower body","9 Jul 2025, 20:15","9 Jul 2025, 21:04","","Elliptical Trainer",,"",1,"normal",,,1.1,960,
"Upper body","7 Jul 2025, 20:08","7 Jul 2025, 21:08","","Lat Pulldown (Cable)",,"",0,"normal",7,12,,,
"Upper body","7 Jul 2025, 20:08","7 Jul 2025, 21:08","","Lat Pulldown (Cable)",,"",1,"normal",7,12,,,
"Upper body","7 Jul 2025, 20:08","7 Jul 2025, 21:08","","Lat Pulldown (Cable)",,"",2,"normal",7,8,,,
"Upper body","7 Jul 2025, 20:08","7 Jul 2025, 21:08","","Lat Pulldown (Cable)",,"",3,"normal",7,6,,,
"Upper body","7 Jul 2025, 20:08","7 Jul 2025, 21:08","","Lat Pulldown (Cable)",,"",4,"normal",6,7,,,
"Upper body","7 Jul 2025, 20:08","7 Jul 2025, 21:08","","Seated Cable Row - Bar Grip",,"",0,"normal",6,12,,,
"Upper body","7 Jul 2025, 20:08","7 Jul 2025, 21:08","","Seated Cable Row - Bar Grip",,"",1,"normal",6,12,,,
"Upper body","7 Jul 2025, 20:08","7 Jul 2025, 21:08","","Seated Cable Row - Bar Grip",,"",2,"normal",6,10,,,
"Upper body","7 Jul 2025, 20:08","7 Jul 2025, 21:08","","Seated Cable Row - Bar Grip",,"",3,"normal",5,12,,,
"Upper body","7 Jul 2025, 20:08","7 Jul 2025, 21:08","","Bench Press (Dumbbell)",,"",0,"normal",7.5,12,,,
"Upper body","7 Jul 2025, 20:08","7 Jul 2025, 21:08","","Bench Press (Dumbbell)",,"",1,"normal",7.5,14,,,
"Upper body","7 Jul 2025, 20:08","7 Jul 2025, 21:08","","Dumbbell Row",,"",0,"normal",12.5,10,,,
"Upper body","7 Jul 2025, 20:08","7 Jul 2025, 21:08","","Dumbbell Row",,"",1,"normal",12.5,10,,,
"Upper body","7 Jul 2025, 20:08","7 Jul 2025, 21:08","","Dumbbell Row",,"",2,"normal",12.5,10,,,
"Upper body","7 Jul 2025, 20:08","7 Jul 2025, 21:08","","Front Raise (Dumbbell)",,"",0,"normal",5,8,,,
"Upper body","7 Jul 2025, 20:08","7 Jul 2025, 21:08","","Front Raise (Dumbbell)",,"",1,"normal",5,8,,,
"Upper body","7 Jul 2025, 20:08","7 Jul 2025, 21:08","","Bicep Curl (Dumbbell)",,"",0,"normal",5,14,,,
"Upper body","7 Jul 2025, 20:08","7 Jul 2025, 21:08","","Bicep Curl (Dumbbell)",,"",1,"normal",5,10,,,
"Upper body","7 Jul 2025, 20:08","7 Jul 2025, 21:08","","Hammer Curl (Dumbbell)",,"",0,"normal",5,14,,,
"Upper body","7 Jul 2025, 20:08","7 Jul 2025, 21:08","","Hammer Curl (Dumbbell)",,"",1,"normal",5,14,,,
"Upper body","7 Jul 2025, 20:08","7 Jul 2025, 21:08","","Overhead Press (Dumbbell)",,"",0,"normal",5,16,,,
"Upper body","7 Jul 2025, 20:08","7 Jul 2025, 21:08","","Overhead Press (Dumbbell)",,"",1,"normal",5,16,,,
"Upper body","7 Jul 2025, 20:08","7 Jul 2025, 21:08","","Overhead Press (Dumbbell)",,"",2,"normal",5,14,,,
"Upper body","7 Jul 2025, 20:08","7 Jul 2025, 21:08","","Shrug (Dumbbell)",,"",0,"normal",5,20,,,
"Upper body","7 Jul 2025, 20:08","7 Jul 2025, 21:08","","Shrug (Dumbbell)",,"",1,"normal",5,20,,,
"Upper body","7 Jul 2025, 20:08","7 Jul 2025, 21:08","","Treadmill",,"",0,"normal",,,0.6,570,
"Upper body","5 Jul 2025, 11:52","5 Jul 2025, 12:50","","Lat Pulldown (Cable)",,"",0,"normal",7,12,,,
"Upper body","5 Jul 2025, 11:52","5 Jul 2025, 12:50","","Lat Pulldown (Cable)",,"",1,"normal",7,12,,,
"Upper body","5 Jul 2025, 11:52","5 Jul 2025, 12:50","","Lat Pulldown (Cable)",,"",2,"normal",7,8,,,
"Upper body","5 Jul 2025, 11:52","5 Jul 2025, 12:50","","Lat Pulldown (Cable)",,"",3,"normal",7,8,,,
"Upper body","5 Jul 2025, 11:52","5 Jul 2025, 12:50","","Seated Cable Row - Bar Grip",,"",0,"normal",6,12,,,
"Upper body","5 Jul 2025, 11:52","5 Jul 2025, 12:50","","Seated Cable Row - Bar Grip",,"",1,"normal",6,12,,,
"Upper body","5 Jul 2025, 11:52","5 Jul 2025, 12:50","","Seated Cable Row - Bar Grip",,"",2,"normal",6,10,,,
"Upper body","5 Jul 2025, 11:52","5 Jul 2025, 12:50","","Bench Press (Dumbbell)",,"",0,"normal",5,16,,,
"Upper body","5 Jul 2025, 11:52","5 Jul 2025, 12:50","","Bench Press (Dumbbell)",,"",1,"normal",5,16,,,
"Upper body","5 Jul 2025, 11:52","5 Jul 2025, 12:50","","Bench Press (Dumbbell)",,"",2,"normal",5,10,,,
"Upper body","5 Jul 2025, 11:52","5 Jul 2025, 12:50","","Skullcrusher (Dumbbell)",,"",0,"normal",2.5,12,,,
"Upper body","5 Jul 2025, 11:52","5 Jul 2025, 12:50","","Seated Palms Up Wrist Curl",,"",0,"normal",5,10,,,
"Upper body","5 Jul 2025, 11:52","5 Jul 2025, 12:50","","Seated Palms Up Wrist Curl",,"",1,"normal",5,8,,,
"Upper body","5 Jul 2025, 11:52","5 Jul 2025, 12:50","","Seated Palms Up Wrist Curl",,"",2,"normal",5,10,,,
"Upper body","5 Jul 2025, 11:52","5 Jul 2025, 12:50","","Reverse Curl (Dumbbell)",,"",0,"normal",5,10,,,
"Upper body","5 Jul 2025, 11:52","5 Jul 2025, 12:50","","Front Raise (Dumbbell)",,"",0,"normal",5,6,,,
"Upper body","5 Jul 2025, 11:52","5 Jul 2025, 12:50","","Hammer Curl (Dumbbell)",,"",0,"normal",5,14,,,
"Upper body","5 Jul 2025, 11:52","5 Jul 2025, 12:50","","Hammer Curl (Dumbbell)",,"",1,"normal",5,12,,,
"Upper body","5 Jul 2025, 11:52","5 Jul 2025, 12:50","","Overhead Press (Dumbbell)",,"",0,"normal",5,12,,,
"Upper body","5 Jul 2025, 11:52","5 Jul 2025, 12:50","","Overhead Press (Dumbbell)",,"",1,"normal",5,14,,,
"Upper body","5 Jul 2025, 11:52","5 Jul 2025, 12:50","","Overhead Press (Dumbbell)",,"",2,"normal",5,4,,,
"Upper body","5 Jul 2025, 11:52","5 Jul 2025, 12:50","","Rear Delt Reverse Fly (Machine)",,"",0,"normal",25,16,,,
"Upper body","5 Jul 2025, 11:52","5 Jul 2025, 12:50","","Rear Delt Reverse Fly (Machine)",,"",1,"normal",25,12,,,
"Upper body","5 Jul 2025, 11:52","5 Jul 2025, 12:50","","Rear Delt Reverse Fly (Machine)",,"",2,"normal",25,9,,,
"Upper body","5 Jul 2025, 11:52","5 Jul 2025, 12:50","","Butterfly (Pec Deck)",,"",0,"normal",40,18,,,
"Upper body","5 Jul 2025, 11:52","5 Jul 2025, 12:50","","Butterfly (Pec Deck)",,"",1,"normal",40,16,,,
"Upper body","5 Jul 2025, 11:52","5 Jul 2025, 12:50","","Butterfly (Pec Deck)",,"",2,"normal",40,14,,,
"Upper body","5 Jul 2025, 11:52","5 Jul 2025, 12:50","","Butterfly (Pec Deck)",,"",3,"normal",40,6,,,
"Upper body","5 Jul 2025, 11:52","5 Jul 2025, 12:50","","Elliptical Trainer",,"",0,"normal",,,0.85,600,
"Evening workout 🏋️","4 Jul 2025, 20:25","4 Jul 2025, 21:10","","Elliptical Trainer",,"Plus some (very light) weight lifting to rest sore arm muscles",0,"normal",,,2.95,2100,
"Evening workout 🏋️","4 Jul 2025, 20:25","4 Jul 2025, 21:10","","Elliptical Trainer",,"Plus some (very light) weight lifting to rest sore arm muscles",1,"normal",,,0.3,180,
"Lower body","3 Jul 2025, 20:06","3 Jul 2025, 20:56","","Leg Press (Machine)",,"",0,"normal",110,14,,,
"Lower body","3 Jul 2025, 20:06","3 Jul 2025, 20:56","","Leg Press (Machine)",,"",1,"normal",110,14,,,
"Lower body","3 Jul 2025, 20:06","3 Jul 2025, 20:56","","Leg Press (Machine)",,"",2,"normal",110,14,,,
"Lower body","3 Jul 2025, 20:06","3 Jul 2025, 20:56","","Seated Leg Curl (Machine)",,"",0,"normal",9,10,,,
"Lower body","3 Jul 2025, 20:06","3 Jul 2025, 20:56","","Seated Leg Curl (Machine)",,"",1,"normal",9,8,,,
"Lower body","3 Jul 2025, 20:06","3 Jul 2025, 20:56","","Seated Leg Curl (Machine)",,"",2,"normal",9,8,,,
"Lower body","3 Jul 2025, 20:06","3 Jul 2025, 20:56","","Seated Leg Curl (Machine)",,"",3,"normal",8,7,,,
"Lower body","3 Jul 2025, 20:06","3 Jul 2025, 20:56","","Lying Leg Curl (Machine)",,"",0,"normal",5,12,,,
"Lower body","3 Jul 2025, 20:06","3 Jul 2025, 20:56","","Lying Leg Curl (Machine)",,"",1,"normal",5,12,,,
"Lower body","3 Jul 2025, 20:06","3 Jul 2025, 20:56","","Lying Leg Curl (Machine)",,"",2,"normal",5,10,,,
"Lower body","3 Jul 2025, 20:06","3 Jul 2025, 20:56","","Goblet Squat",,"",0,"normal",15,6,,,
"Lower body","3 Jul 2025, 20:06","3 Jul 2025, 20:56","","Goblet Squat",,"",1,"normal",15,12,,,
"Lower body","3 Jul 2025, 20:06","3 Jul 2025, 20:56","","Goblet Squat",,"",2,"normal",15,12,,,
"Lower body","3 Jul 2025, 20:06","3 Jul 2025, 20:56","","Standing Calf Raise (Dumbbell)",,"",0,"normal",15,20,,,
"Lower body","3 Jul 2025, 20:06","3 Jul 2025, 20:56","","Standing Calf Raise (Dumbbell)",,"",1,"normal",15,20,,,
"Lower body","3 Jul 2025, 20:06","3 Jul 2025, 20:56","","Standing Calf Raise (Dumbbell)",,"",2,"normal",15,20,,,
"Lower body","3 Jul 2025, 20:06","3 Jul 2025, 20:56","","Romanian Deadlift (Dumbbell)",,"",0,"normal",7.5,16,,,
"Lower body","3 Jul 2025, 20:06","3 Jul 2025, 20:56","","Romanian Deadlift (Dumbbell)",,"",1,"normal",7.5,16,,,
"Lower body","3 Jul 2025, 20:06","3 Jul 2025, 20:56","","Romanian Deadlift (Dumbbell)",,"",2,"normal",7.5,16,,,
"Lower body","3 Jul 2025, 20:06","3 Jul 2025, 20:56","","Hip Abduction (Machine)",,"",0,"normal",45,16,,,
"Lower body","3 Jul 2025, 20:06","3 Jul 2025, 20:56","","Hip Abduction (Machine)",,"",1,"normal",60,4,,,
"Lower body","3 Jul 2025, 20:06","3 Jul 2025, 20:56","","Hip Abduction (Machine)",,"",2,"normal",60,6,,,
"Lower body","3 Jul 2025, 20:06","3 Jul 2025, 20:56","","Hip Abduction (Machine)",,"",3,"normal",45,16,,,
"Lower body","3 Jul 2025, 20:06","3 Jul 2025, 20:56","","Hip Adduction (Machine)",,"",0,"normal",60,12,,,
"Lower body","3 Jul 2025, 20:06","3 Jul 2025, 20:56","","Hip Adduction (Machine)",,"",1,"normal",60,12,,,
"Lower body","3 Jul 2025, 20:06","3 Jul 2025, 20:56","","Hip Adduction (Machine)",,"",2,"normal",60,12,,,
"Lower body","3 Jul 2025, 20:06","3 Jul 2025, 20:56","","Treadmill",,"",0,"normal",,,0.25,240,
"Upper body","2 Jul 2025, 19:42","2 Jul 2025, 20:32","","Lat Pulldown (Cable)",,"",0,"normal",7,10,,,
"Upper body","2 Jul 2025, 19:42","2 Jul 2025, 20:32","","Lat Pulldown (Cable)",,"",1,"normal",7,8,,,
"Upper body","2 Jul 2025, 19:42","2 Jul 2025, 20:32","","Lat Pulldown (Cable)",,"",2,"normal",6,8,,,
"Upper body","2 Jul 2025, 19:42","2 Jul 2025, 20:32","","Lat Pulldown (Cable)",,"",3,"normal",6,8,,,
"Upper body","2 Jul 2025, 19:42","2 Jul 2025, 20:32","","Front Raise (Dumbbell)",,"",0,"normal",5,10,,,
"Upper body","2 Jul 2025, 19:42","2 Jul 2025, 20:32","","Front Raise (Dumbbell)",,"",1,"normal",5,10,,,
"Upper body","2 Jul 2025, 19:42","2 Jul 2025, 20:32","","Front Raise (Dumbbell)",,"",2,"normal",5,8,,,
"Upper body","2 Jul 2025, 19:42","2 Jul 2025, 20:32","","Bicep Curl (Dumbbell)",,"",0,"normal",5,12,,,
"Upper body","2 Jul 2025, 19:42","2 Jul 2025, 20:32","","Bicep Curl (Dumbbell)",,"",1,"normal",5,8,,,
"Upper body","2 Jul 2025, 19:42","2 Jul 2025, 20:32","","Hammer Curl (Dumbbell)",,"",0,"normal",5,12,,,
"Upper body","2 Jul 2025, 19:42","2 Jul 2025, 20:32","","Hammer Curl (Dumbbell)",,"",1,"normal",5,12,,,
"Upper body","2 Jul 2025, 19:42","2 Jul 2025, 20:32","","Overhead Press (Dumbbell)",,"",0,"normal",5,14,,,
"Upper body","2 Jul 2025, 19:42","2 Jul 2025, 20:32","","Overhead Press (Dumbbell)",,"",1,"normal",5,12,,,
"Upper body","2 Jul 2025, 19:42","2 Jul 2025, 20:32","","Overhead Press (Dumbbell)",,"",2,"normal",5,12,,,
"Upper body","2 Jul 2025, 19:42","2 Jul 2025, 20:32","","Shrug (Dumbbell)",,"",0,"normal",5,20,,,
"Upper body","2 Jul 2025, 19:42","2 Jul 2025, 20:32","","Shrug (Dumbbell)",,"",1,"normal",5,20,,,
"Upper body","2 Jul 2025, 19:42","2 Jul 2025, 20:32","","Shrug (Dumbbell)",,"",2,"normal",5,20,,,
"Upper body","2 Jul 2025, 19:42","2 Jul 2025, 20:32","","Rear Delt Reverse Fly (Machine)",,"",0,"normal",25,16,,,
"Upper body","2 Jul 2025, 19:42","2 Jul 2025, 20:32","","Rear Delt Reverse Fly (Machine)",,"",1,"normal",25,12,,,
"Upper body","2 Jul 2025, 19:42","2 Jul 2025, 20:32","","Rear Delt Reverse Fly (Machine)",,"",2,"normal",25,9,,,
"Upper body","2 Jul 2025, 19:42","2 Jul 2025, 20:32","","Butterfly (Pec Deck)",,"",0,"normal",40,16,,,
"Upper body","2 Jul 2025, 19:42","2 Jul 2025, 20:32","","Butterfly (Pec Deck)",,"",1,"normal",40,16,,,
"Upper body","2 Jul 2025, 19:42","2 Jul 2025, 20:32","","Butterfly (Pec Deck)",,"",2,"normal",40,10,,,
"Upper body","2 Jul 2025, 19:42","2 Jul 2025, 20:32","","Butterfly (Pec Deck)",,"",3,"normal",40,10,,,
"Upper body","2 Jul 2025, 19:42","2 Jul 2025, 20:32","","Elliptical Trainer",,"",0,"normal",,,0.65,420,
"Lower body","30 Jun 2025, 13:39","30 Jun 2025, 14:50","","Leg Press (Machine)",,"",0,"normal",110,10,,,
"Lower body","30 Jun 2025, 13:39","30 Jun 2025, 14:50","","Leg Press (Machine)",,"",1,"normal",110,10,,,
"Lower body","30 Jun 2025, 13:39","30 Jun 2025, 14:50","","Leg Press (Machine)",,"",2,"normal",110,10,,,
"Lower body","30 Jun 2025, 13:39","30 Jun 2025, 14:50","","Seated Leg Curl (Machine)",,"",0,"normal",9,12,,,
"Lower body","30 Jun 2025, 13:39","30 Jun 2025, 14:50","","Seated Leg Curl (Machine)",,"",1,"normal",9,10,,,
"Lower body","30 Jun 2025, 13:39","30 Jun 2025, 14:50","","Seated Leg Curl (Machine)",,"",2,"normal",9,10,,,
"Lower body","30 Jun 2025, 13:39","30 Jun 2025, 14:50","","Lying Leg Curl (Machine)",,"",0,"normal",5,10,,,
"Lower body","30 Jun 2025, 13:39","30 Jun 2025, 14:50","","Lying Leg Curl (Machine)",,"",1,"normal",5,10,,,
"Lower body","30 Jun 2025, 13:39","30 Jun 2025, 14:50","","Lying Leg Curl (Machine)",,"",2,"normal",5,10,,,
"Lower body","30 Jun 2025, 13:39","30 Jun 2025, 14:50","","Goblet Squat",,"",0,"normal",15,10,,,
"Lower body","30 Jun 2025, 13:39","30 Jun 2025, 14:50","","Goblet Squat",,"",1,"normal",15,8,,,
"Lower body","30 Jun 2025, 13:39","30 Jun 2025, 14:50","","Goblet Squat",,"",2,"normal",15,8,,,
"Lower body","30 Jun 2025, 13:39","30 Jun 2025, 14:50","","Standing Calf Raise (Dumbbell)",,"",0,"normal",15,20,,,
"Lower body","30 Jun 2025, 13:39","30 Jun 2025, 14:50","","Standing Calf Raise (Dumbbell)",,"",1,"normal",15,20,,,
"Lower body","30 Jun 2025, 13:39","30 Jun 2025, 14:50","","Standing Calf Raise (Dumbbell)",,"",2,"normal",15,20,,,
"Lower body","30 Jun 2025, 13:39","30 Jun 2025, 14:50","","Romanian Deadlift (Dumbbell)",,"",0,"normal",7.5,12,,,
"Lower body","30 Jun 2025, 13:39","30 Jun 2025, 14:50","","Romanian Deadlift (Dumbbell)",,"",1,"normal",7.5,12,,,
"Lower body","30 Jun 2025, 13:39","30 Jun 2025, 14:50","","Romanian Deadlift (Dumbbell)",,"",2,"normal",7.5,12,,,
"Lower body","30 Jun 2025, 13:39","30 Jun 2025, 14:50","","Hip Abduction (Machine)",,"",0,"normal",45,12,,,
"Lower body","30 Jun 2025, 13:39","30 Jun 2025, 14:50","","Hip Abduction (Machine)",,"",1,"normal",45,12,,,
"Lower body","30 Jun 2025, 13:39","30 Jun 2025, 14:50","","Hip Abduction (Machine)",,"",2,"normal",45,16,,,
"Lower body","30 Jun 2025, 13:39","30 Jun 2025, 14:50","","Hip Adduction (Machine)",,"",0,"normal",60,16,,,
"Lower body","30 Jun 2025, 13:39","30 Jun 2025, 14:50","","Hip Adduction (Machine)",,"",1,"normal",60,12,,,
"Lower body","30 Jun 2025, 13:39","30 Jun 2025, 14:50","","Hip Adduction (Machine)",,"",2,"normal",60,6,,,
"Lower body","30 Jun 2025, 13:39","30 Jun 2025, 14:50","","Elliptical Trainer",,"",0,"normal",,,1.95,1440,
"Upper body","29 Jun 2025, 11:13","29 Jun 2025, 12:29","","Lat Pulldown (Cable)",,"",0,"normal",7,12,,,
"Upper body","29 Jun 2025, 11:13","29 Jun 2025, 12:29","","Lat Pulldown (Cable)",,"",1,"normal",7,8,,,
"Upper body","29 Jun 2025, 11:13","29 Jun 2025, 12:29","","Lat Pulldown (Cable)",,"",2,"normal",7,6,,,
"Upper body","29 Jun 2025, 11:13","29 Jun 2025, 12:29","","Bench Press (Dumbbell)",,"",0,"normal",7.5,10,,,
"Upper body","29 Jun 2025, 11:13","29 Jun 2025, 12:29","","Bench Press (Dumbbell)",,"",1,"normal",7.5,10,,,
"Upper body","29 Jun 2025, 11:13","29 Jun 2025, 12:29","","Bench Press (Dumbbell)",,"",2,"normal",7.5,10,,,
"Upper body","29 Jun 2025, 11:13","29 Jun 2025, 12:29","","Dumbbell Row",,"",0,"normal",15,10,,,
"Upper body","29 Jun 2025, 11:13","29 Jun 2025, 12:29","","Dumbbell Row",,"",1,"normal",15,10,,,
"Upper body","29 Jun 2025, 11:13","29 Jun 2025, 12:29","","Dumbbell Row",,"",2,"normal",15,8,,,
"Upper body","29 Jun 2025, 11:13","29 Jun 2025, 12:29","","Chest Fly (Dumbbell)",,"",0,"normal",2.5,14,,,
"Upper body","29 Jun 2025, 11:13","29 Jun 2025, 12:29","","Chest Fly (Dumbbell)",,"",1,"normal",2.5,12,,,
"Upper body","29 Jun 2025, 11:13","29 Jun 2025, 12:29","","Chest Fly (Dumbbell)",,"",2,"normal",2.5,14,,,
"Upper body","29 Jun 2025, 11:13","29 Jun 2025, 12:29","","Skullcrusher (Dumbbell)",,"",0,"normal",2.5,16,,,
"Upper body","29 Jun 2025, 11:13","29 Jun 2025, 12:29","","Skullcrusher (Dumbbell)",,"",1,"normal",2.5,16,,,
"Upper body","29 Jun 2025, 11:13","29 Jun 2025, 12:29","","Skullcrusher (Dumbbell)",,"",2,"normal",2.5,16,,,
"Upper body","29 Jun 2025, 11:13","29 Jun 2025, 12:29","","Seated Palms Up Wrist Curl",,"",0,"normal",2.5,16,,,
"Upper body","29 Jun 2025, 11:13","29 Jun 2025, 12:29","","Seated Palms Up Wrist Curl",,"",1,"normal",2.5,16,,,
"Upper body","29 Jun 2025, 11:13","29 Jun 2025, 12:29","","Seated Palms Up Wrist Curl",,"",2,"normal",2.5,16,,,
"Upper body","29 Jun 2025, 11:13","29 Jun 2025, 12:29","","Front Raise (Dumbbell)",,"",0,"normal",5,10,,,
"Upper body","29 Jun 2025, 11:13","29 Jun 2025, 12:29","","Front Raise (Dumbbell)",,"",1,"normal",5,6,,,
"Upper body","29 Jun 2025, 11:13","29 Jun 2025, 12:29","","Front Raise (Dumbbell)",,"",2,"normal",5,6,,,
"Upper body","29 Jun 2025, 11:13","29 Jun 2025, 12:29","","Front Raise (Dumbbell)",,"",3,"normal",2.5,10,,,
"Upper body","29 Jun 2025, 11:13","29 Jun 2025, 12:29","","Upright Row (Dumbbell)",,"",0,"normal",5,6,,,
"Upper body","29 Jun 2025, 11:13","29 Jun 2025, 12:29","","Upright Row (Dumbbell)",,"",1,"normal",2.5,6,,,
"Upper body","29 Jun 2025, 11:13","29 Jun 2025, 12:29","","Lateral Raise (Dumbbell)",,"",0,"normal",2.5,10,,,
"Upper body","29 Jun 2025, 11:13","29 Jun 2025, 12:29","","Lateral Raise (Dumbbell)",,"",1,"normal",2.5,10,,,
"Upper body","29 Jun 2025, 11:13","29 Jun 2025, 12:29","","Lateral Raise (Dumbbell)",,"",2,"normal",2.5,8,,,
"Upper body","29 Jun 2025, 11:13","29 Jun 2025, 12:29","","Lateral Raise (Dumbbell)",,"",3,"normal",2.5,7,,,
"Upper body","29 Jun 2025, 11:13","29 Jun 2025, 12:29","","Bicep Curl (Dumbbell)",,"",0,"normal",5,8,,,
"Upper body","29 Jun 2025, 11:13","29 Jun 2025, 12:29","","Hammer Curl (Dumbbell)",,"",0,"normal",5,12,,,
"Upper body","29 Jun 2025, 11:13","29 Jun 2025, 12:29","","Hammer Curl (Dumbbell)",,"",1,"normal",5,12,,,
"Upper body","29 Jun 2025, 11:13","29 Jun 2025, 12:29","","Hammer Curl (Dumbbell)",,"",2,"normal",5,12,,,
"Upper body","29 Jun 2025, 11:13","29 Jun 2025, 12:29","","Overhead Press (Dumbbell)",,"",0,"normal",5,12,,,
"Upper body","29 Jun 2025, 11:13","29 Jun 2025, 12:29","","Overhead Press (Dumbbell)",,"",1,"normal",5,12,,,
"Upper body","29 Jun 2025, 11:13","29 Jun 2025, 12:29","","Overhead Press (Dumbbell)",,"",2,"normal",5,6,,,
"Upper body","29 Jun 2025, 11:13","29 Jun 2025, 12:29","","Shrug (Dumbbell)",,"",0,"normal",15,10,,,
"Upper body","29 Jun 2025, 11:13","29 Jun 2025, 12:29","","Shrug (Dumbbell)",,"",1,"normal",15,10,,,
"Upper body","29 Jun 2025, 11:13","29 Jun 2025, 12:29","","Rear Delt Reverse Fly (Machine)",,"",0,"normal",25,4,,,
"Upper body","29 Jun 2025, 11:13","29 Jun 2025, 12:29","","Rear Delt Reverse Fly (Machine)",,"",1,"normal",25,6,,,
"Upper body","29 Jun 2025, 11:13","29 Jun 2025, 12:29","","Butterfly (Pec Deck)",,"",0,"normal",40,9,,,
"Upper body","29 Jun 2025, 11:13","29 Jun 2025, 12:29","","Butterfly (Pec Deck)",,"",1,"normal",40,6,,,
"Upper body","29 Jun 2025, 11:13","29 Jun 2025, 12:29","","Elliptical Trainer",,"",0,"normal",,,0.75,360,
"Lower body","28 Jun 2025, 12:33","28 Jun 2025, 13:28","","Leg Press (Machine)",,"",0,"normal",110,12,,,
"Lower body","28 Jun 2025, 12:33","28 Jun 2025, 13:28","","Leg Press (Machine)",,"",1,"normal",110,12,,,
"Lower body","28 Jun 2025, 12:33","28 Jun 2025, 13:28","","Leg Press (Machine)",,"",2,"normal",110,12,,,
"Lower body","28 Jun 2025, 12:33","28 Jun 2025, 13:28","","Seated Leg Curl (Machine)",,"",0,"normal",8,10,,,
"Lower body","28 Jun 2025, 12:33","28 Jun 2025, 13:28","","Seated Leg Curl (Machine)",,"",1,"normal",9,8,,,
"Lower body","28 Jun 2025, 12:33","28 Jun 2025, 13:28","","Seated Leg Curl (Machine)",,"",2,"normal",9,8,,,
"Lower body","28 Jun 2025, 12:33","28 Jun 2025, 13:28","","Lying Leg Curl (Machine)",,"",0,"normal",5,10,,,
"Lower body","28 Jun 2025, 12:33","28 Jun 2025, 13:28","","Lying Leg Curl (Machine)",,"",1,"normal",5,10,,,
"Lower body","28 Jun 2025, 12:33","28 Jun 2025, 13:28","","Lying Leg Curl (Machine)",,"",2,"normal",5,10,,,
"Lower body","28 Jun 2025, 12:33","28 Jun 2025, 13:28","","Goblet Squat",,"",0,"normal",15,12,,,
"Lower body","28 Jun 2025, 12:33","28 Jun 2025, 13:28","","Goblet Squat",,"",1,"normal",15,10,,,
"Lower body","28 Jun 2025, 12:33","28 Jun 2025, 13:28","","Goblet Squat",,"",2,"normal",15,8,,,
"Lower body","28 Jun 2025, 12:33","28 Jun 2025, 13:28","","Standing Calf Raise (Dumbbell)",,"",0,"normal",15,20,,,
"Lower body","28 Jun 2025, 12:33","28 Jun 2025, 13:28","","Standing Calf Raise (Dumbbell)",,"",1,"normal",15,20,,,
"Lower body","28 Jun 2025, 12:33","28 Jun 2025, 13:28","","Romanian Deadlift (Dumbbell)",,"",0,"normal",7.5,10,,,
"Lower body","28 Jun 2025, 12:33","28 Jun 2025, 13:28","","Elliptical Trainer",,"",0,"normal",,,1.7,1380,
"Upper body","27 Jun 2025, 20:24","27 Jun 2025, 21:01","","Bench Press (Dumbbell)",,"",0,"normal",7.5,10,,,
"Upper body","27 Jun 2025, 20:24","27 Jun 2025, 21:01","","Bench Press (Dumbbell)",,"",1,"normal",7.5,10,,,
"Upper body","27 Jun 2025, 20:24","27 Jun 2025, 21:01","","Bench Press (Dumbbell)",,"",2,"normal",7.5,9,,,
"Upper body","27 Jun 2025, 20:24","27 Jun 2025, 21:01","","Front Raise (Dumbbell)",,"",0,"normal",5,10,,,
"Upper body","27 Jun 2025, 20:24","27 Jun 2025, 21:01","","Front Raise (Dumbbell)",,"",1,"normal",5,10,,,
"Upper body","27 Jun 2025, 20:24","27 Jun 2025, 21:01","","Front Raise (Dumbbell)",,"",2,"normal",5,10,,,
"Upper body","27 Jun 2025, 20:24","27 Jun 2025, 21:01","","Upright Row (Dumbbell)",,"",0,"normal",5,10,,,
"Upper body","27 Jun 2025, 20:24","27 Jun 2025, 21:01","","Upright Row (Dumbbell)",,"",1,"normal",5,8,,,
"Upper body","27 Jun 2025, 20:24","27 Jun 2025, 21:01","","Lateral Raise (Dumbbell)",,"",0,"normal",5,3,,,
"Upper body","27 Jun 2025, 20:24","27 Jun 2025, 21:01","","Lateral Raise (Dumbbell)",,"",1,"normal",5,6,,,
"Upper body","27 Jun 2025, 20:24","27 Jun 2025, 21:01","","Lateral Raise (Dumbbell)",,"",2,"normal",5,6,,,
"Upper body","27 Jun 2025, 20:24","27 Jun 2025, 21:01","","Bicep Curl (Dumbbell)",,"",0,"normal",7.5,6,,,
"Upper body","27 Jun 2025, 20:24","27 Jun 2025, 21:01","","Bicep Curl (Dumbbell)",,"",1,"normal",7.5,6,,,
"Upper body","27 Jun 2025, 20:24","27 Jun 2025, 21:01","","Bicep Curl (Dumbbell)",,"",2,"normal",7.5,5,,,
"Upper body","27 Jun 2025, 20:24","27 Jun 2025, 21:01","","Overhead Press (Dumbbell)",,"",0,"normal",5,10,,,
"Upper body","27 Jun 2025, 20:24","27 Jun 2025, 21:01","","Overhead Press (Dumbbell)",,"",1,"normal",5,6,,,
"Upper body","27 Jun 2025, 20:24","27 Jun 2025, 21:01","","Overhead Press (Dumbbell)",,"",2,"normal",5,6,,,
"Upper body","27 Jun 2025, 20:24","27 Jun 2025, 21:01","","Shrug (Dumbbell)",,"",0,"normal",7.5,20,,,
"Upper body","27 Jun 2025, 20:24","27 Jun 2025, 21:01","","Shrug (Dumbbell)",,"",1,"normal",7.5,20,,,
"Upper body","27 Jun 2025, 20:24","27 Jun 2025, 21:01","","Shrug (Dumbbell)",,"",2,"normal",7.5,20,,,
"Upper body","27 Jun 2025, 20:24","27 Jun 2025, 21:01","","Rear Delt Reverse Fly (Machine)",,"",0,"normal",25,10,,,
"Upper body","27 Jun 2025, 20:24","27 Jun 2025, 21:01","","Rear Delt Reverse Fly (Machine)",,"",1,"normal",40,6,,,
"Upper body","27 Jun 2025, 20:24","27 Jun 2025, 21:01","","Rear Delt Reverse Fly (Machine)",,"",2,"normal",40,5,,,
"Upper body","27 Jun 2025, 20:24","27 Jun 2025, 21:01","","Treadmill",,"",0,"normal",,,0.3,330,
"Lower body","26 Jun 2025, 20:15","26 Jun 2025, 21:03","","Leg Press (Machine)",,"",0,"normal",110,10,,,
"Lower body","26 Jun 2025, 20:15","26 Jun 2025, 21:03","","Leg Press (Machine)",,"",1,"normal",110,10,,,
"Lower body","26 Jun 2025, 20:15","26 Jun 2025, 21:03","","Leg Press (Machine)",,"",2,"normal",110,12,,,
"Lower body","26 Jun 2025, 20:15","26 Jun 2025, 21:03","","Seated Leg Curl (Machine)",,"",0,"normal",9,8,,,
"Lower body","26 Jun 2025, 20:15","26 Jun 2025, 21:03","","Seated Leg Curl (Machine)",,"",1,"normal",9,10,,,
"Lower body","26 Jun 2025, 20:15","26 Jun 2025, 21:03","","Seated Leg Curl (Machine)",,"",2,"normal",9,10,,,
"Lower body","26 Jun 2025, 20:15","26 Jun 2025, 21:03","","Lying Leg Curl (Machine)",,"",0,"normal",5,10,,,
"Lower body","26 Jun 2025, 20:15","26 Jun 2025, 21:03","","Lying Leg Curl (Machine)",,"",1,"normal",5,10,,,
"Lower body","26 Jun 2025, 20:15","26 Jun 2025, 21:03","","Lying Leg Curl (Machine)",,"",2,"normal",5,10,,,
"Lower body","26 Jun 2025, 20:15","26 Jun 2025, 21:03","","Goblet Squat",,"",0,"normal",15,10,,,
"Lower body","26 Jun 2025, 20:15","26 Jun 2025, 21:03","","Goblet Squat",,"",1,"normal",15,8,,,
"Lower body","26 Jun 2025, 20:15","26 Jun 2025, 21:03","","Goblet Squat",,"",2,"normal",15,6,,,
"Lower body","26 Jun 2025, 20:15","26 Jun 2025, 21:03","","Standing Calf Raise (Dumbbell)",,"",0,"normal",15,20,,,
"Lower body","26 Jun 2025, 20:15","26 Jun 2025, 21:03","","Standing Calf Raise (Dumbbell)",,"",1,"normal",15,20,,,
"Lower body","26 Jun 2025, 20:15","26 Jun 2025, 21:03","","Romanian Deadlift (Dumbbell)",,"",0,"normal",7.5,10,,,
"Lower body","26 Jun 2025, 20:15","26 Jun 2025, 21:03","","Romanian Deadlift (Dumbbell)",,"",1,"normal",7.5,8,,,
"Lower body","26 Jun 2025, 20:15","26 Jun 2025, 21:03","","Hip Abduction (Machine)",,"",0,"normal",60,8,,,
"Lower body","26 Jun 2025, 20:15","26 Jun 2025, 21:03","","Hip Abduction (Machine)",,"",1,"normal",60,8,,,
"Lower body","26 Jun 2025, 20:15","26 Jun 2025, 21:03","","Hip Adduction (Machine)",,"",0,"normal",60,12,,,
"Lower body","26 Jun 2025, 20:15","26 Jun 2025, 21:03","","Hip Adduction (Machine)",,"",1,"normal",60,12,,,
"Lower body","26 Jun 2025, 20:15","26 Jun 2025, 21:03","","Elliptical Trainer",,"",0,"normal",,,0.8,600,
"Upper body","25 Jun 2025, 20:06","25 Jun 2025, 21:01","","Lat Pulldown (Cable)",,"",0,"normal",7,10,,,
"Upper body","25 Jun 2025, 20:06","25 Jun 2025, 21:01","","Lat Pulldown (Cable)",,"",1,"normal",7,10,,,
"Upper body","25 Jun 2025, 20:06","25 Jun 2025, 21:01","","Lat Pulldown (Cable)",,"",2,"normal",7,9,,,
"Upper body","25 Jun 2025, 20:06","25 Jun 2025, 21:01","","Seated Cable Row - Bar Grip",,"",0,"normal",6,10,,,
"Upper body","25 Jun 2025, 20:06","25 Jun 2025, 21:01","","Seated Cable Row - Bar Grip",,"",1,"normal",6,10,,,
"Upper body","25 Jun 2025, 20:06","25 Jun 2025, 21:01","","Seated Cable Row - Bar Grip",,"",2,"normal",6,10,,,
"Upper body","25 Jun 2025, 20:06","25 Jun 2025, 21:01","","Bench Press (Dumbbell)",,"",0,"normal",7.5,6,,,
"Upper body","25 Jun 2025, 20:06","25 Jun 2025, 21:01","","Bench Press (Dumbbell)",,"",1,"normal",7.5,5,,,
"Upper body","25 Jun 2025, 20:06","25 Jun 2025, 21:01","","Bench Press (Dumbbell)",,"",2,"normal",5,12,,,
"Upper body","25 Jun 2025, 20:06","25 Jun 2025, 21:01","","Bench Press (Dumbbell)",,"",3,"normal",5,6,,,
"Upper body","25 Jun 2025, 20:06","25 Jun 2025, 21:01","","Dumbbell Row",,"",0,"normal",15,8,,,
"Upper body","25 Jun 2025, 20:06","25 Jun 2025, 21:01","","Dumbbell Row",,"",1,"normal",15,8,,,
"Upper body","25 Jun 2025, 20:06","25 Jun 2025, 21:01","","Chest Fly (Dumbbell)",,"",0,"normal",2.5,8,,,
"Upper body","25 Jun 2025, 20:06","25 Jun 2025, 21:01","","Chest Fly (Dumbbell)",,"",1,"normal",2.5,6,,,
"Upper body","25 Jun 2025, 20:06","25 Jun 2025, 21:01","","Skullcrusher (Dumbbell)",,"",0,"normal",2.5,12,,,
"Upper body","25 Jun 2025, 20:06","25 Jun 2025, 21:01","","Skullcrusher (Dumbbell)",,"",1,"normal",2.5,8,,,
"Upper body","25 Jun 2025, 20:06","25 Jun 2025, 21:01","","Lateral Raise (Dumbbell)",,"",0,"normal",2.5,10,,,
"Upper body","25 Jun 2025, 20:06","25 Jun 2025, 21:01","","Lateral Raise (Dumbbell)",,"",1,"normal",2.5,10,,,
"Upper body","25 Jun 2025, 20:06","25 Jun 2025, 21:01","","Lateral Raise (Dumbbell)",,"",2,"normal",2.5,10,,,
"Upper body","25 Jun 2025, 20:06","25 Jun 2025, 21:01","","Rear Delt Reverse Fly (Machine)",,"",0,"normal",25,10,,,
"Upper body","25 Jun 2025, 20:06","25 Jun 2025, 21:01","","Rear Delt Reverse Fly (Machine)",,"",1,"normal",25,10,,,
"Upper body","25 Jun 2025, 20:06","25 Jun 2025, 21:01","","Rear Delt Reverse Fly (Machine)",,"",2,"normal",25,6,,,
"Upper body","25 Jun 2025, 20:06","25 Jun 2025, 21:01","","Butterfly (Pec Deck)",,"",0,"normal",40,14,,,
"Upper body","25 Jun 2025, 20:06","25 Jun 2025, 21:01","","Butterfly (Pec Deck)",,"",1,"normal",40,10,,,
"Upper body","25 Jun 2025, 20:06","25 Jun 2025, 21:01","","Butterfly (Pec Deck)",,"",2,"normal",40,12,,,
"Upper body","25 Jun 2025, 20:06","25 Jun 2025, 21:01","","Treadmill",,"",0,"normal",,,0.25,240,
"Upper body","23 Jun 2025, 20:16","23 Jun 2025, 21:06","","Lat Pulldown (Cable)",,"",0,"normal",7,8,,,
"Upper body","23 Jun 2025, 20:16","23 Jun 2025, 21:06","","Lat Pulldown (Cable)",,"",1,"normal",7,7,,,
"Upper body","23 Jun 2025, 20:16","23 Jun 2025, 21:06","","Lat Pulldown (Cable)",,"",2,"normal",7,4,,,
"Upper body","23 Jun 2025, 20:16","23 Jun 2025, 21:06","","Lat Pulldown (Cable)",,"",3,"normal",6,7,,,
"Upper body","23 Jun 2025, 20:16","23 Jun 2025, 21:06","","Lat Pulldown (Cable)",,"",4,"normal",6,4,,,
"Upper body","23 Jun 2025, 20:16","23 Jun 2025, 21:06","","Seated Cable Row - Bar Grip",,"",0,"normal",6,6,,,
"Upper body","23 Jun 2025, 20:16","23 Jun 2025, 21:06","","Seated Cable Row - Bar Grip",,"",1,"normal",6,10,,,
"Upper body","23 Jun 2025, 20:16","23 Jun 2025, 21:06","","Seated Cable Row - Bar Grip",,"",2,"normal",6,8,,,
"Upper body","23 Jun 2025, 20:16","23 Jun 2025, 21:06","","Front Raise (Dumbbell)",,"",0,"normal",5,10,,,
"Upper body","23 Jun 2025, 20:16","23 Jun 2025, 21:06","","Front Raise (Dumbbell)",,"",1,"normal",5,10,,,
"Upper body","23 Jun 2025, 20:16","23 Jun 2025, 21:06","","Lateral Raise (Dumbbell)",,"",0,"normal",2.5,8,,,
"Upper body","23 Jun 2025, 20:16","23 Jun 2025, 21:06","","Lateral Raise (Dumbbell)",,"",1,"normal",2.5,8,,,
"Upper body","23 Jun 2025, 20:16","23 Jun 2025, 21:06","","Bicep Curl (Dumbbell)",,"",0,"normal",5,12,,,
"Upper body","23 Jun 2025, 20:16","23 Jun 2025, 21:06","","Overhead Press (Dumbbell)",,"",0,"normal",5,12,,,
"Upper body","23 Jun 2025, 20:16","23 Jun 2025, 21:06","","Overhead Press (Dumbbell)",,"",1,"normal",5,10,,,
"Upper body","23 Jun 2025, 20:16","23 Jun 2025, 21:06","","Shrug (Dumbbell)",,"",0,"normal",5,20,,,
"Upper body","23 Jun 2025, 20:16","23 Jun 2025, 21:06","","Rear Delt Reverse Fly (Machine)",,"",0,"normal",25,7,,,
"Upper body","23 Jun 2025, 20:16","23 Jun 2025, 21:06","","Rear Delt Reverse Fly (Machine)",,"",1,"normal",25,4,,,
"Upper body","23 Jun 2025, 20:16","23 Jun 2025, 21:06","","Rear Delt Reverse Fly (Machine)",,"",2,"normal",10,7,,,
"Upper body","23 Jun 2025, 20:16","23 Jun 2025, 21:06","","Rear Delt Reverse Fly (Machine)",,"",3,"normal",10,7,,,
"Upper body","23 Jun 2025, 20:16","23 Jun 2025, 21:06","","Butterfly (Pec Deck)",,"",0,"normal",40,8,,,
"Upper body","23 Jun 2025, 20:16","23 Jun 2025, 21:06","","Butterfly (Pec Deck)",,"",1,"normal",40,6,,,
"Upper body","23 Jun 2025, 20:16","23 Jun 2025, 21:06","","Butterfly (Pec Deck)",,"",2,"normal",40,4,,,
"Upper body","23 Jun 2025, 20:16","23 Jun 2025, 21:06","","Butterfly (Pec Deck)",,"",3,"normal",25,7,,,
"Upper body","23 Jun 2025, 20:16","23 Jun 2025, 21:06","","Elliptical Trainer",,"",0,"normal",,,0.4,240,
"Lower body","22 Jun 2025, 12:08","22 Jun 2025, 13:12","","Leg Press (Machine)",,"",0,"normal",110,8,,,
"Lower body","22 Jun 2025, 12:08","22 Jun 2025, 13:12","","Leg Press (Machine)",,"",1,"normal",110,8,,,
"Lower body","22 Jun 2025, 12:08","22 Jun 2025, 13:12","","Leg Press (Machine)",,"",2,"normal",110,8,,,
"Lower body","22 Jun 2025, 12:08","22 Jun 2025, 13:12","","Seated Leg Curl (Machine)",,"",0,"normal",8,10,,,
"Lower body","22 Jun 2025, 12:08","22 Jun 2025, 13:12","","Seated Leg Curl (Machine)",,"",1,"normal",8,10,,,
"Lower body","22 Jun 2025, 12:08","22 Jun 2025, 13:12","","Seated Leg Curl (Machine)",,"",2,"normal",8,12,,,
"Lower body","22 Jun 2025, 12:08","22 Jun 2025, 13:12","","Lying Leg Curl (Machine)",,"",0,"normal",5,10,,,
"Lower body","22 Jun 2025, 12:08","22 Jun 2025, 13:12","","Lying Leg Curl (Machine)",,"",1,"normal",5,10,,,
"Lower body","22 Jun 2025, 12:08","22 Jun 2025, 13:12","","Lying Leg Curl (Machine)",,"",2,"normal",5,6,,,
"Lower body","22 Jun 2025, 12:08","22 Jun 2025, 13:12","","Goblet Squat",,"",0,"normal",15,8,,,
"Lower body","22 Jun 2025, 12:08","22 Jun 2025, 13:12","","Goblet Squat",,"",1,"normal",15,8,,,
"Lower body","22 Jun 2025, 12:08","22 Jun 2025, 13:12","","Hip Abduction (Machine)",,"",0,"normal",60,10,,,
"Lower body","22 Jun 2025, 12:08","22 Jun 2025, 13:12","","Hip Abduction (Machine)",,"",1,"normal",60,12,,,
"Lower body","22 Jun 2025, 12:08","22 Jun 2025, 13:12","","Hip Abduction (Machine)",,"",2,"normal",60,12,,,
"Lower body","22 Jun 2025, 12:08","22 Jun 2025, 13:12","","Hip Adduction (Machine)",,"",0,"normal",60,8,,,
"Lower body","22 Jun 2025, 12:08","22 Jun 2025, 13:12","","Hip Adduction (Machine)",,"",1,"normal",60,8,,,
"Lower body","22 Jun 2025, 12:08","22 Jun 2025, 13:12","","Hip Adduction (Machine)",,"",2,"normal",60,6,,,
"Lower body","22 Jun 2025, 12:08","22 Jun 2025, 13:12","","Treadmill",,"",0,"normal",,,1,1020,
"Lower body","22 Jun 2025, 12:08","22 Jun 2025, 13:12","","Elliptical Trainer",,"Going with a high level to work out my legs (since I skipped 2 exercises today)",0,"normal",,,0.4,360,
"Upper body","21 Jun 2025, 10:50","21 Jun 2025, 11:56","","Bench Press (Dumbbell)",,"",0,"normal",7.5,10,,,
"Upper body","21 Jun 2025, 10:50","21 Jun 2025, 11:56","","Bench Press (Dumbbell)",,"",1,"normal",7.5,10,,,
"Upper body","21 Jun 2025, 10:50","21 Jun 2025, 11:56","","Bench Press (Dumbbell)",,"",2,"normal",7.5,8,,,
"Upper body","21 Jun 2025, 10:50","21 Jun 2025, 11:56","","Bench Press (Dumbbell)",,"",3,"normal",7.5,4,,,
"Upper body","21 Jun 2025, 10:50","21 Jun 2025, 11:56","","Bench Press (Dumbbell)",,"",4,"normal",5,12,,,
"Upper body","21 Jun 2025, 10:50","21 Jun 2025, 11:56","","Bench Press (Dumbbell)",,"",5,"normal",5,11,,,
"Upper body","21 Jun 2025, 10:50","21 Jun 2025, 11:56","","Dumbbell Row",,"",0,"normal",15,10,,,
"Upper body","21 Jun 2025, 10:50","21 Jun 2025, 11:56","","Dumbbell Row",,"",1,"normal",15,8,,,
"Upper body","21 Jun 2025, 10:50","21 Jun 2025, 11:56","","Dumbbell Row",,"",2,"normal",15,6,,,
"Upper body","21 Jun 2025, 10:50","21 Jun 2025, 11:56","","Chest Fly (Dumbbell)",,"",0,"normal",2.5,8,,,
"Upper body","21 Jun 2025, 10:50","21 Jun 2025, 11:56","","Chest Fly (Dumbbell)",,"",1,"normal",2.5,6,,,
"Upper body","21 Jun 2025, 10:50","21 Jun 2025, 11:56","","Skullcrusher (Dumbbell)",,"",0,"normal",2.5,12,,,
"Upper body","21 Jun 2025, 10:50","21 Jun 2025, 11:56","","Skullcrusher (Dumbbell)",,"",1,"normal",2.5,12,,,
"Upper body","21 Jun 2025, 10:50","21 Jun 2025, 11:56","","Skullcrusher (Dumbbell)",,"",2,"normal",2.5,10,,,
"Upper body","21 Jun 2025, 10:50","21 Jun 2025, 11:56","","Front Raise (Dumbbell)",,"",0,"normal",5,6,,,
"Upper body","21 Jun 2025, 10:50","21 Jun 2025, 11:56","","Front Raise (Dumbbell)",,"",1,"normal",5,8,,,
"Upper body","21 Jun 2025, 10:50","21 Jun 2025, 11:56","","Front Raise (Dumbbell)",,"",2,"normal",5,7,,,
"Upper body","21 Jun 2025, 10:50","21 Jun 2025, 11:56","","Upright Row (Dumbbell)",,"",0,"normal",5,6,,,
"Upper body","21 Jun 2025, 10:50","21 Jun 2025, 11:56","","Lateral Raise (Dumbbell)",,"",0,"normal",2.5,8,,,
"Upper body","21 Jun 2025, 10:50","21 Jun 2025, 11:56","","Lateral Raise (Dumbbell)",,"",1,"normal",2.5,8,,,
"Upper body","21 Jun 2025, 10:50","21 Jun 2025, 11:56","","Lateral Raise (Dumbbell)",,"",2,"normal",2.5,6,,,
"Upper body","21 Jun 2025, 10:50","21 Jun 2025, 11:56","","Overhead Press (Dumbbell)",,"",0,"normal",5,6,,,
"Upper body","21 Jun 2025, 10:50","21 Jun 2025, 11:56","","Shrug (Dumbbell)",,"",0,"normal",5,12,,,
"Upper body","21 Jun 2025, 10:50","21 Jun 2025, 11:56","","Elliptical Trainer",,"",0,"normal",,,1.75,1380,
"Lower body","19 Jun 2025, 20:21","19 Jun 2025, 21:09","","Leg Press (Machine)",,"",0,"normal",110,4,,,
"Lower body","19 Jun 2025, 20:21","19 Jun 2025, 21:09","","Leg Press (Machine)",,"",1,"normal",90,4,,,
"Lower body","19 Jun 2025, 20:21","19 Jun 2025, 21:09","","Seated Leg Curl (Machine)",,"",0,"normal",8,10,,,
"Lower body","19 Jun 2025, 20:21","19 Jun 2025, 21:09","","Seated Leg Curl (Machine)",,"",1,"normal",8,10,,,
"Lower body","19 Jun 2025, 20:21","19 Jun 2025, 21:09","","Seated Leg Curl (Machine)",,"",2,"normal",8,12,,,
"Lower body","19 Jun 2025, 20:21","19 Jun 2025, 21:09","","Lying Leg Curl (Machine)",,"",0,"normal",5,10,,,
"Lower body","19 Jun 2025, 20:21","19 Jun 2025, 21:09","","Lying Leg Curl (Machine)",,"",1,"normal",5,10,,,
"Lower body","19 Jun 2025, 20:21","19 Jun 2025, 21:09","","Lying Leg Curl (Machine)",,"",2,"normal",5,7,,,
"Lower body","19 Jun 2025, 20:21","19 Jun 2025, 21:09","","Goblet Squat",,"",0,"normal",12.5,14,,,
"Lower body","19 Jun 2025, 20:21","19 Jun 2025, 21:09","","Goblet Squat",,"",1,"normal",15,10,,,
"Lower body","19 Jun 2025, 20:21","19 Jun 2025, 21:09","","Goblet Squat",,"",2,"normal",15,10,,,
"Lower body","19 Jun 2025, 20:21","19 Jun 2025, 21:09","","Standing Calf Raise (Dumbbell)",,"",0,"normal",15,20,,,
"Lower body","19 Jun 2025, 20:21","19 Jun 2025, 21:09","","Romanian Deadlift (Dumbbell)",,"",0,"normal",7.5,14,,,
"Lower body","19 Jun 2025, 20:21","19 Jun 2025, 21:09","","Hip Abduction (Machine)",,"",0,"normal",45,10,,,
"Lower body","19 Jun 2025, 20:21","19 Jun 2025, 21:09","","Hip Abduction (Machine)",,"",1,"normal",45,10,,,
"Lower body","19 Jun 2025, 20:21","19 Jun 2025, 21:09","","Hip Abduction (Machine)",,"",2,"normal",45,12,,,
"Lower body","19 Jun 2025, 20:21","19 Jun 2025, 21:09","","Hip Adduction (Machine)",,"",0,"normal",60,8,,,
"Lower body","19 Jun 2025, 20:21","19 Jun 2025, 21:09","","Hip Adduction (Machine)",,"",1,"normal",60,4,,,
"Lower body","19 Jun 2025, 20:21","19 Jun 2025, 21:09","","Hip Adduction (Machine)",,"",2,"normal",45,12,,,
"Lower body","19 Jun 2025, 20:21","19 Jun 2025, 21:09","","Treadmill",,"",0,"normal",,,0.75,780,
"Upper body","18 Jun 2025, 17:34","18 Jun 2025, 18:10","","Bench Press (Dumbbell)",,"",0,"normal",7.5,8,,,
"Upper body","18 Jun 2025, 17:34","18 Jun 2025, 18:10","","Bench Press (Dumbbell)",,"",1,"normal",7.5,8,,,
"Upper body","18 Jun 2025, 17:34","18 Jun 2025, 18:10","","Bench Press (Dumbbell)",,"",2,"normal",7.5,6,,,
"Upper body","18 Jun 2025, 17:34","18 Jun 2025, 18:10","","Bench Press (Dumbbell)",,"",3,"normal",7.5,3,,,
"Upper body","18 Jun 2025, 17:34","18 Jun 2025, 18:10","","Bench Press (Dumbbell)",,"",4,"normal",5,10,,,
"Upper body","18 Jun 2025, 17:34","18 Jun 2025, 18:10","","Bench Press (Dumbbell)",,"",5,"normal",5,8,,,
"Upper body","18 Jun 2025, 17:34","18 Jun 2025, 18:10","","Dumbbell Row",,"",0,"normal",15,6,,,
"Upper body","18 Jun 2025, 17:34","18 Jun 2025, 18:10","","Dumbbell Row",,"",1,"normal",15,8,,,
"Upper body","18 Jun 2025, 17:34","18 Jun 2025, 18:10","","Dumbbell Row",,"",2,"normal",15,6,,,
"Upper body","18 Jun 2025, 17:34","18 Jun 2025, 18:10","","Chest Fly (Dumbbell)",,"",0,"normal",2.5,6,,,
"Upper body","18 Jun 2025, 17:34","18 Jun 2025, 18:10","","Chest Fly (Dumbbell)",,"",1,"normal",2.5,5,,,
"Upper body","18 Jun 2025, 17:34","18 Jun 2025, 18:10","","Skullcrusher (Dumbbell)",,"",0,"normal",2.5,12,,,
"Upper body","18 Jun 2025, 17:34","18 Jun 2025, 18:10","","Skullcrusher (Dumbbell)",,"",1,"normal",2.5,10,,,
"Upper body","18 Jun 2025, 17:34","18 Jun 2025, 18:10","","Skullcrusher (Dumbbell)",,"",2,"normal",2.5,7,,,
"Upper body","18 Jun 2025, 17:34","18 Jun 2025, 18:10","","Lateral Raise (Dumbbell)",,"",0,"normal",2.5,12,,,
"Upper body","18 Jun 2025, 17:34","18 Jun 2025, 18:10","","Lateral Raise (Dumbbell)",,"",1,"normal",2.5,9,,,
"Upper body","18 Jun 2025, 17:34","18 Jun 2025, 18:10","","Lateral Raise (Dumbbell)",,"",2,"normal",2.5,6,,,
"Lower body","17 Jun 2025, 20:12","17 Jun 2025, 21:07","","Leg Press (Machine)",,"",0,"normal",110,12,,,
"Lower body","17 Jun 2025, 20:12","17 Jun 2025, 21:07","","Leg Press (Machine)",,"",1,"normal",110,14,,,
"Lower body","17 Jun 2025, 20:12","17 Jun 2025, 21:07","","Leg Press (Machine)",,"",2,"normal",110,16,,,
"Lower body","17 Jun 2025, 20:12","17 Jun 2025, 21:07","","Seated Leg Curl (Machine)",,"",0,"normal",7,12,,,
"Lower body","17 Jun 2025, 20:12","17 Jun 2025, 21:07","","Seated Leg Curl (Machine)",,"",1,"normal",7,12,,,
"Lower body","17 Jun 2025, 20:12","17 Jun 2025, 21:07","","Seated Leg Curl (Machine)",,"",2,"normal",7,10,,,
"Lower body","17 Jun 2025, 20:12","17 Jun 2025, 21:07","","Lying Leg Curl (Machine)",,"",0,"normal",5,8,,,
"Lower body","17 Jun 2025, 20:12","17 Jun 2025, 21:07","","Lying Leg Curl (Machine)",,"",1,"normal",5,8,,,
"Lower body","17 Jun 2025, 20:12","17 Jun 2025, 21:07","","Lying Leg Curl (Machine)",,"",2,"normal",5,6,,,
"Lower body","17 Jun 2025, 20:12","17 Jun 2025, 21:07","","Goblet Squat",,"",0,"normal",15,12,,,
"Lower body","17 Jun 2025, 20:12","17 Jun 2025, 21:07","","Goblet Squat",,"",1,"normal",15,10,,,
"Lower body","17 Jun 2025, 20:12","17 Jun 2025, 21:07","","Goblet Squat",,"",2,"normal",15,8,,,
"Lower body","17 Jun 2025, 20:12","17 Jun 2025, 21:07","","Standing Calf Raise (Dumbbell)",,"",0,"normal",15,20,,,
"Lower body","17 Jun 2025, 20:12","17 Jun 2025, 21:07","","Standing Calf Raise (Dumbbell)",,"",1,"normal",15,20,,,
"Lower body","17 Jun 2025, 20:12","17 Jun 2025, 21:07","","Standing Calf Raise (Dumbbell)",,"",2,"normal",15,12,,,
"Lower body","17 Jun 2025, 20:12","17 Jun 2025, 21:07","","Romanian Deadlift (Dumbbell)",,"",0,"normal",7.5,8,,,
"Lower body","17 Jun 2025, 20:12","17 Jun 2025, 21:07","","Romanian Deadlift (Dumbbell)",,"",1,"normal",7.5,8,,,
"Lower body","17 Jun 2025, 20:12","17 Jun 2025, 21:07","","Romanian Deadlift (Dumbbell)",,"",2,"normal",7.5,8,,,
"Lower body","17 Jun 2025, 20:12","17 Jun 2025, 21:07","","Treadmill",,"",0,"normal",,,1,1080,
"Upper body","16 Jun 2025, 20:19","16 Jun 2025, 21:05","","Bench Press (Dumbbell)",,"",0,"normal",7.5,8,,,
"Upper body","16 Jun 2025, 20:19","16 Jun 2025, 21:05","","Bench Press (Dumbbell)",,"",1,"normal",7.5,7,,,
"Upper body","16 Jun 2025, 20:19","16 Jun 2025, 21:05","","Bench Press (Dumbbell)",,"",2,"normal",7.5,4,,,
"Upper body","16 Jun 2025, 20:19","16 Jun 2025, 21:05","","Bench Press (Dumbbell)",,"",3,"normal",5,10,,,
"Upper body","16 Jun 2025, 20:19","16 Jun 2025, 21:05","","Bench Press (Dumbbell)",,"",4,"normal",5,8,,,
"Upper body","16 Jun 2025, 20:19","16 Jun 2025, 21:05","","Dumbbell Row",,"",0,"normal",12.5,12,,,
"Upper body","16 Jun 2025, 20:19","16 Jun 2025, 21:05","","Dumbbell Row",,"",1,"normal",12.5,10,,,
"Upper body","16 Jun 2025, 20:19","16 Jun 2025, 21:05","","Dumbbell Row",,"",2,"normal",12.5,8,,,
"Upper body","16 Jun 2025, 20:19","16 Jun 2025, 21:05","","Dumbbell Row",,"",3,"normal",12.5,6,,,
"Upper body","16 Jun 2025, 20:19","16 Jun 2025, 21:05","","Chest Fly (Dumbbell)",,"",0,"normal",2.5,6,,,
"Upper body","16 Jun 2025, 20:19","16 Jun 2025, 21:05","","Chest Fly (Dumbbell)",,"",1,"normal",2.5,4,,,
"Upper body","16 Jun 2025, 20:19","16 Jun 2025, 21:05","","Skullcrusher (Dumbbell)",,"",0,"normal",2.5,12,,,
"Upper body","16 Jun 2025, 20:19","16 Jun 2025, 21:05","","Skullcrusher (Dumbbell)",,"",1,"normal",2.5,10,,,
"Upper body","16 Jun 2025, 20:19","16 Jun 2025, 21:05","","Front Raise (Dumbbell)",,"",0,"normal",2.5,14,,,
"Upper body","16 Jun 2025, 20:19","16 Jun 2025, 21:05","","Front Raise (Dumbbell)",,"",1,"normal",2.5,15,,,
"Upper body","16 Jun 2025, 20:19","16 Jun 2025, 21:05","","Upright Row (Dumbbell)",,"",0,"normal",2.5,10,,,
"Upper body","16 Jun 2025, 20:19","16 Jun 2025, 21:05","","Lateral Raise (Dumbbell)",,"",0,"normal",2.5,10,,,
"Upper body","16 Jun 2025, 20:19","16 Jun 2025, 21:05","","Lateral Raise (Dumbbell)",,"",1,"normal",2.5,6,,,
"Upper body","16 Jun 2025, 20:19","16 Jun 2025, 21:05","","Elliptical Trainer",,"",0,"normal",,,0.75,720,
"Lower body","15 Jun 2025, 12:30","15 Jun 2025, 13:23","","Leg Press (Machine)",,"",0,"normal",110,10,,,
"Lower body","15 Jun 2025, 12:30","15 Jun 2025, 13:23","","Leg Press (Machine)",,"",1,"normal",90,10,,,
"Lower body","15 Jun 2025, 12:30","15 Jun 2025, 13:23","","Leg Press (Machine)",,"",2,"normal",90,10,,,
"Lower body","15 Jun 2025, 12:30","15 Jun 2025, 13:23","","Seated Leg Curl (Machine)",,"",0,"normal",7,10,,,
"Lower body","15 Jun 2025, 12:30","15 Jun 2025, 13:23","","Seated Leg Curl (Machine)",,"",1,"normal",7,10,,,
"Lower body","15 Jun 2025, 12:30","15 Jun 2025, 13:23","","Seated Leg Curl (Machine)",,"",2,"normal",7,8,,,
"Lower body","15 Jun 2025, 12:30","15 Jun 2025, 13:23","","Lying Leg Curl (Machine)",,"",0,"normal",5,5,,,
"Lower body","15 Jun 2025, 12:30","15 Jun 2025, 13:23","","Lying Leg Curl (Machine)",,"",1,"normal",4,10,,,
"Lower body","15 Jun 2025, 12:30","15 Jun 2025, 13:23","","Lying Leg Curl (Machine)",,"",2,"normal",4,6,,,
"Lower body","15 Jun 2025, 12:30","15 Jun 2025, 13:23","","Goblet Squat",,"",0,"normal",12.5,12,,,
"Lower body","15 Jun 2025, 12:30","15 Jun 2025, 13:23","","Goblet Squat",,"",1,"normal",12.5,12,,,
"Lower body","15 Jun 2025, 12:30","15 Jun 2025, 13:23","","Standing Calf Raise (Dumbbell)",,"",0,"normal",12.5,20,,,
"Lower body","15 Jun 2025, 12:30","15 Jun 2025, 13:23","","Standing Calf Raise (Dumbbell)",,"",1,"normal",12.5,20,,,
"Lower body","15 Jun 2025, 12:30","15 Jun 2025, 13:23","","Standing Calf Raise (Dumbbell)",,"",2,"normal",12.5,20,,,
"Lower body","15 Jun 2025, 12:30","15 Jun 2025, 13:23","","Romanian Deadlift (Dumbbell)",,"",0,"normal",12.5,8,,,
"Lower body","15 Jun 2025, 12:30","15 Jun 2025, 13:23","","Romanian Deadlift (Dumbbell)",,"",1,"normal",12.5,6,,,
"Lower body","15 Jun 2025, 12:30","15 Jun 2025, 13:23","","Hip Abduction (Machine)",,"",0,"normal",60,8,,,
"Lower body","15 Jun 2025, 12:30","15 Jun 2025, 13:23","","Hip Abduction (Machine)",,"",1,"normal",60,6,,,
"Lower body","15 Jun 2025, 12:30","15 Jun 2025, 13:23","","Hip Adduction (Machine)",,"",0,"normal",45,12,,,
"Lower body","15 Jun 2025, 12:30","15 Jun 2025, 13:23","","Hip Adduction (Machine)",,"",1,"normal",60,4,,,
"Lower body","15 Jun 2025, 12:30","15 Jun 2025, 13:23","","Hip Adduction (Machine)",,"",2,"normal",45,8,,,
"Lower body","15 Jun 2025, 12:30","15 Jun 2025, 13:23","","Treadmill",,"",0,"normal",,,0.86,810,
"Upper body","13 Jun 2025, 17:44","13 Jun 2025, 18:57","","Lat Pulldown (Cable)",,"",0,"normal",6,10,,,
"Upper body","13 Jun 2025, 17:44","13 Jun 2025, 18:57","","Lat Pulldown (Cable)",,"",1,"normal",7,10,,,
"Upper body","13 Jun 2025, 17:44","13 Jun 2025, 18:57","","Lat Pulldown (Cable)",,"",2,"normal",7,6,,,
"Upper body","13 Jun 2025, 17:44","13 Jun 2025, 18:57","","Lat Pulldown (Cable)",,"",3,"normal",7,6,,,
"Upper body","13 Jun 2025, 17:44","13 Jun 2025, 18:57","","Seated Cable Row - Bar Grip",,"",0,"normal",6,10,,,
"Upper body","13 Jun 2025, 17:44","13 Jun 2025, 18:57","","Seated Cable Row - Bar Grip",,"",1,"normal",6,8,,,
"Upper body","13 Jun 2025, 17:44","13 Jun 2025, 18:57","","Seated Cable Row - Bar Grip",,"",2,"normal",6,10,,,
"Upper body","13 Jun 2025, 17:44","13 Jun 2025, 18:57","","Bench Press (Dumbbell)",,"",0,"normal",7.5,7,,,
"Upper body","13 Jun 2025, 17:44","13 Jun 2025, 18:57","","Bench Press (Dumbbell)",,"",1,"normal",7.5,6,,,
"Upper body","13 Jun 2025, 17:44","13 Jun 2025, 18:57","","Bench Press (Dumbbell)",,"",2,"normal",7.5,4,,,
"Upper body","13 Jun 2025, 17:44","13 Jun 2025, 18:57","","Dumbbell Row",,"",0,"normal",7.5,16,,,
"Upper body","13 Jun 2025, 17:44","13 Jun 2025, 18:57","","Dumbbell Row",,"",1,"normal",7.5,14,,,
"Upper body","13 Jun 2025, 17:44","13 Jun 2025, 18:57","","Dumbbell Row",,"",2,"normal",7.5,10,,,
"Upper body","13 Jun 2025, 17:44","13 Jun 2025, 18:57","","Chest Fly (Dumbbell)",,"",0,"normal",2.5,6,,,
"Upper body","13 Jun 2025, 17:44","13 Jun 2025, 18:57","","Chest Fly (Dumbbell)",,"",1,"normal",2.5,6,,,
"Upper body","13 Jun 2025, 17:44","13 Jun 2025, 18:57","","Chest Fly (Dumbbell)",,"",2,"normal",2.5,6,,,
"Upper body","13 Jun 2025, 17:44","13 Jun 2025, 18:57","","Skullcrusher (Dumbbell)",,"",0,"normal",2.5,10,,,
"Upper body","13 Jun 2025, 17:44","13 Jun 2025, 18:57","","Skullcrusher (Dumbbell)",,"",1,"normal",2.5,10,,,
"Upper body","13 Jun 2025, 17:44","13 Jun 2025, 18:57","","Skullcrusher (Dumbbell)",,"",2,"normal",2.5,6,,,
"Upper body","13 Jun 2025, 17:44","13 Jun 2025, 18:57","","Front Raise (Dumbbell)",,"",0,"normal",2.5,12,,,
"Upper body","13 Jun 2025, 17:44","13 Jun 2025, 18:57","","Front Raise (Dumbbell)",,"",1,"normal",2.5,12,,,
"Upper body","13 Jun 2025, 17:44","13 Jun 2025, 18:57","","Front Raise (Dumbbell)",,"",2,"normal",2.5,12,,,
"Upper body","13 Jun 2025, 17:44","13 Jun 2025, 18:57","","Upright Row (Dumbbell)",,"",0,"normal",2.5,8,,,
"Upper body","13 Jun 2025, 17:44","13 Jun 2025, 18:57","","Upright Row (Dumbbell)",,"",1,"normal",2.5,8,,,
"Upper body","13 Jun 2025, 17:44","13 Jun 2025, 18:57","","Lateral Raise (Dumbbell)",,"",0,"normal",2.5,8,,,
"Upper body","13 Jun 2025, 17:44","13 Jun 2025, 18:57","","Lateral Raise (Dumbbell)",,"",1,"normal",2.5,8,,,
"Upper body","13 Jun 2025, 17:44","13 Jun 2025, 18:57","","Elliptical Trainer",,"",0,"normal",,,2,1080,
"Lower body","11 Jun 2025, 20:14","11 Jun 2025, 21:06","","Leg Press (Machine)",,"",0,"normal",110,10,,,
"Lower body","11 Jun 2025, 20:14","11 Jun 2025, 21:06","","Leg Press (Machine)",,"",1,"normal",110,10,,,
"Lower body","11 Jun 2025, 20:14","11 Jun 2025, 21:06","","Leg Press (Machine)",,"",2,"normal",110,10,,,
"Lower body","11 Jun 2025, 20:14","11 Jun 2025, 21:06","","Leg Press (Machine)",,"",3,"normal",110,10,,,
"Lower body","11 Jun 2025, 20:14","11 Jun 2025, 21:06","","Seated Leg Curl (Machine)",,"",0,"normal",7,10,,,
"Lower body","11 Jun 2025, 20:14","11 Jun 2025, 21:06","","Seated Leg Curl (Machine)",,"",1,"normal",7,10,,,
"Lower body","11 Jun 2025, 20:14","11 Jun 2025, 21:06","","Seated Leg Curl (Machine)",,"",2,"normal",7,10,,,
"Lower body","11 Jun 2025, 20:14","11 Jun 2025, 21:06","","Seated Leg Curl (Machine)",,"",3,"normal",7,10,,,
"Lower body","11 Jun 2025, 20:14","11 Jun 2025, 21:06","","Lying Leg Curl (Machine)",,"",0,"normal",5,10,,,
"Lower body","11 Jun 2025, 20:14","11 Jun 2025, 21:06","","Lying Leg Curl (Machine)",,"",1,"normal",5,5,,,
"Lower body","11 Jun 2025, 20:14","11 Jun 2025, 21:06","","Lying Leg Curl (Machine)",,"",2,"normal",4,5,,,
"Lower body","11 Jun 2025, 20:14","11 Jun 2025, 21:06","","Goblet Squat",,"",0,"normal",12.5,12,,,
"Lower body","11 Jun 2025, 20:14","11 Jun 2025, 21:06","","Goblet Squat",,"",1,"normal",12.5,12,,,
"Lower body","11 Jun 2025, 20:14","11 Jun 2025, 21:06","","Goblet Squat",,"",2,"normal",12.5,12,,,
"Lower body","11 Jun 2025, 20:14","11 Jun 2025, 21:06","","Standing Calf Raise (Dumbbell)",,"",0,"normal",12.5,25,,,
"Lower body","11 Jun 2025, 20:14","11 Jun 2025, 21:06","","Standing Calf Raise (Dumbbell)",,"",1,"normal",12.5,10,,,
"Lower body","11 Jun 2025, 20:14","11 Jun 2025, 21:06","","Romanian Deadlift (Dumbbell)",,"",0,"normal",7.5,8,,,
"Lower body","11 Jun 2025, 20:14","11 Jun 2025, 21:06","","Romanian Deadlift (Dumbbell)",,"",1,"normal",7.5,8,,,
"Lower body","11 Jun 2025, 20:14","11 Jun 2025, 21:06","","Romanian Deadlift (Dumbbell)",,"",2,"normal",7.5,8,,,
"Lower body","11 Jun 2025, 20:14","11 Jun 2025, 21:06","","Hip Abduction (Machine)",,"",0,"normal",45,10,,,
"Lower body","11 Jun 2025, 20:14","11 Jun 2025, 21:06","","Hip Abduction (Machine)",,"",1,"normal",60,10,,,
"Lower body","11 Jun 2025, 20:14","11 Jun 2025, 21:06","","Hip Abduction (Machine)",,"",2,"normal",60,8,,,
"Lower body","11 Jun 2025, 20:14","11 Jun 2025, 21:06","","Hip Adduction (Machine)",,"",0,"normal",45,10,,,
"Lower body","11 Jun 2025, 20:14","11 Jun 2025, 21:06","","Hip Adduction (Machine)",,"",1,"normal",45,12,,,
"Lower body","11 Jun 2025, 20:14","11 Jun 2025, 21:06","","Hip Adduction (Machine)",,"",2,"normal",60,12,,,
"Lower body","11 Jun 2025, 20:14","11 Jun 2025, 21:06","","Treadmill",,"",0,"normal",,,0.3,300,
"Upper body","9 Jun 2025, 20:29","9 Jun 2025, 21:09","","Lat Pulldown (Cable)",,"",0,"normal",5,10,,,
"Upper body","9 Jun 2025, 20:29","9 Jun 2025, 21:09","","Lat Pulldown (Cable)",,"",1,"normal",6,10,,,
"Upper body","9 Jun 2025, 20:29","9 Jun 2025, 21:09","","Lat Pulldown (Cable)",,"",2,"normal",7,6,,,
"Upper body","9 Jun 2025, 20:29","9 Jun 2025, 21:09","","Lat Pulldown (Cable)",,"",3,"normal",7,6,,,
"Upper body","9 Jun 2025, 20:29","9 Jun 2025, 21:09","","Lat Pulldown (Cable)",,"",4,"normal",7,4,,,
"Upper body","9 Jun 2025, 20:29","9 Jun 2025, 21:09","","Seated Cable Row - Bar Grip",,"",0,"normal",5,10,,,
"Upper body","9 Jun 2025, 20:29","9 Jun 2025, 21:09","","Seated Cable Row - Bar Grip",,"",1,"normal",5,10,,,
"Upper body","9 Jun 2025, 20:29","9 Jun 2025, 21:09","","Seated Cable Row - Bar Grip",,"",2,"normal",5,8,,,
"Upper body","9 Jun 2025, 20:29","9 Jun 2025, 21:09","","Bench Press (Dumbbell)",,"",0,"normal",12.5,6,,,
"Upper body","9 Jun 2025, 20:29","9 Jun 2025, 21:09","","Bench Press (Dumbbell)",,"",1,"normal",12.5,4,,,
"Upper body","9 Jun 2025, 20:29","9 Jun 2025, 21:09","","Bench Press (Dumbbell)",,"",2,"normal",12.5,3,,,
"Upper body","9 Jun 2025, 20:29","9 Jun 2025, 21:09","","Dumbbell Row",,"",0,"normal",12.5,12,,,
"Upper body","9 Jun 2025, 20:29","9 Jun 2025, 21:09","","Dumbbell Row",,"",1,"normal",12.5,14,,,
"Upper body","9 Jun 2025, 20:29","9 Jun 2025, 21:09","","Dumbbell Row",,"",2,"normal",12.5,10,,,
"Upper body","9 Jun 2025, 20:29","9 Jun 2025, 21:09","","Chest Fly (Dumbbell)",,"",0,"normal",2.5,10,,,
"Upper body","9 Jun 2025, 20:29","9 Jun 2025, 21:09","","Chest Fly (Dumbbell)",,"",1,"normal",2.5,4,,,
"Upper body","9 Jun 2025, 20:29","9 Jun 2025, 21:09","","Chest Fly (Dumbbell)",,"",2,"normal",2.5,4,,,
"Upper body","9 Jun 2025, 20:29","9 Jun 2025, 21:09","","Skullcrusher (Dumbbell)",,"",0,"normal",2.5,10,,,
"Upper body","9 Jun 2025, 20:29","9 Jun 2025, 21:09","","Skullcrusher (Dumbbell)",,"",1,"normal",2.5,4,,,
"Upper body","9 Jun 2025, 20:29","9 Jun 2025, 21:09","","Skullcrusher (Dumbbell)",,"",2,"normal",2.5,4,,,
"Upper body","9 Jun 2025, 20:29","9 Jun 2025, 21:09","","Front Raise (Dumbbell)",,"",0,"normal",2.5,10,,,
"Upper body","9 Jun 2025, 20:29","9 Jun 2025, 21:09","","Front Raise (Dumbbell)",,"",1,"normal",2.5,10,,,
"Upper body","9 Jun 2025, 20:29","9 Jun 2025, 21:09","","Front Raise (Dumbbell)",,"",2,"normal",2.5,8,,,
"Upper body","9 Jun 2025, 20:29","9 Jun 2025, 21:09","","Lateral Raise (Dumbbell)",,"",0,"normal",2.5,8,,,
"Upper body","9 Jun 2025, 20:29","9 Jun 2025, 21:09","","Lateral Raise (Dumbbell)",,"",1,"normal",2.5,5,,,
"Lower body","8 Jun 2025, 14:38","8 Jun 2025, 15:42","","Leg Press (Machine)",,"",0,"normal",110,8,,,
"Lower body","8 Jun 2025, 14:38","8 Jun 2025, 15:42","","Leg Press (Machine)",,"",1,"normal",110,4,,,
"Lower body","8 Jun 2025, 14:38","8 Jun 2025, 15:42","","Leg Press (Machine)",,"",2,"normal",110,6,,,
"Lower body","8 Jun 2025, 14:38","8 Jun 2025, 15:42","","Leg Press (Machine)",,"",3,"normal",90,6,,,
"Lower body","8 Jun 2025, 14:38","8 Jun 2025, 15:42","","Seated Leg Curl (Machine)",,"",0,"normal",6,10,,,
"Lower body","8 Jun 2025, 14:38","8 Jun 2025, 15:42","","Seated Leg Curl (Machine)",,"",1,"normal",6,10,,,
"Lower body","8 Jun 2025, 14:38","8 Jun 2025, 15:42","","Seated Leg Curl (Machine)",,"",2,"normal",6,10,,,
"Lower body","8 Jun 2025, 14:38","8 Jun 2025, 15:42","","Seated Leg Curl (Machine)",,"",3,"normal",7,8,,,
"Lower body","8 Jun 2025, 14:38","8 Jun 2025, 15:42","","Lying Leg Curl (Machine)",,"",0,"normal",5,6,,,
"Lower body","8 Jun 2025, 14:38","8 Jun 2025, 15:42","","Lying Leg Curl (Machine)",,"",1,"normal",5,6,,,
"Lower body","8 Jun 2025, 14:38","8 Jun 2025, 15:42","","Lying Leg Curl (Machine)",,"",2,"normal",5,6,,,
"Lower body","8 Jun 2025, 14:38","8 Jun 2025, 15:42","","Goblet Squat",,"",0,"normal",12.5,10,,,
"Lower body","8 Jun 2025, 14:38","8 Jun 2025, 15:42","","Goblet Squat",,"",1,"normal",12.5,10,,,
"Lower body","8 Jun 2025, 14:38","8 Jun 2025, 15:42","","Goblet Squat",,"",2,"normal",12.5,8,,,
"Lower body","8 Jun 2025, 14:38","8 Jun 2025, 15:42","","Romanian Deadlift (Dumbbell)",,"",0,"normal",12.5,8,,,
"Lower body","8 Jun 2025, 14:38","8 Jun 2025, 15:42","","Romanian Deadlift (Dumbbell)",,"",1,"normal",12.5,6,,,
"Lower body","8 Jun 2025, 14:38","8 Jun 2025, 15:42","","Standing Calf Raise (Dumbbell)",,"",0,"normal",12.5,20,,,
"Lower body","8 Jun 2025, 14:38","8 Jun 2025, 15:42","","Standing Calf Raise (Dumbbell)",,"",1,"normal",12.5,20,,,
"Lower body","8 Jun 2025, 14:38","8 Jun 2025, 15:42","","Standing Calf Raise (Dumbbell)",,"",2,"normal",12.5,20,,,
"Lower body","8 Jun 2025, 14:38","8 Jun 2025, 15:42","","Hip Abduction (Machine)",,"",0,"normal",30,6,,,
"Lower body","8 Jun 2025, 14:38","8 Jun 2025, 15:42","","Hip Abduction (Machine)",,"",1,"normal",30,8,,,
"Lower body","8 Jun 2025, 14:38","8 Jun 2025, 15:42","","Hip Abduction (Machine)",,"",2,"normal",30,10,,,
"Lower body","8 Jun 2025, 14:38","8 Jun 2025, 15:42","","Hip Adduction (Machine)",,"",0,"normal",30,10,,,
"Lower body","8 Jun 2025, 14:38","8 Jun 2025, 15:42","","Hip Adduction (Machine)",,"",1,"normal",45,8,,,
"Lower body","8 Jun 2025, 14:38","8 Jun 2025, 15:42","","Hip Adduction (Machine)",,"",2,"normal",45,8,,,
"Lower body","8 Jun 2025, 14:38","8 Jun 2025, 15:42","","Treadmill",,"",0,"normal",,,1.35,1320,
"Upper body","7 Jun 2025, 12:45","7 Jun 2025, 13:31","Leaving some gas in the tank for household chores that are gonna need some heavy lifting!","Lat Pulldown (Cable)",,"",0,"normal",6,10,,,
"Upper body","7 Jun 2025, 12:45","7 Jun 2025, 13:31","Leaving some gas in the tank for household chores that are gonna need some heavy lifting!","Lat Pulldown (Cable)",,"",1,"normal",6,8,,,
"Upper body","7 Jun 2025, 12:45","7 Jun 2025, 13:31","Leaving some gas in the tank for household chores that are gonna need some heavy lifting!","Lat Pulldown (Cable)",,"",2,"normal",6,7,,,
"Upper body","7 Jun 2025, 12:45","7 Jun 2025, 13:31","Leaving some gas in the tank for household chores that are gonna need some heavy lifting!","Seated Cable Row - Bar Grip",,"",0,"normal",6,4,,,
"Upper body","7 Jun 2025, 12:45","7 Jun 2025, 13:31","Leaving some gas in the tank for household chores that are gonna need some heavy lifting!","Seated Cable Row - Bar Grip",,"",1,"normal",5,6,,,
"Upper body","7 Jun 2025, 12:45","7 Jun 2025, 13:31","Leaving some gas in the tank for household chores that are gonna need some heavy lifting!","Seated Cable Row - Bar Grip",,"",2,"normal",5,6,,,
"Upper body","7 Jun 2025, 12:45","7 Jun 2025, 13:31","Leaving some gas in the tank for household chores that are gonna need some heavy lifting!","Butterfly (Pec Deck)",,"",0,"normal",55,3,,,
"Upper body","7 Jun 2025, 12:45","7 Jun 2025, 13:31","Leaving some gas in the tank for household chores that are gonna need some heavy lifting!","Butterfly (Pec Deck)",,"",1,"normal",40,6,,,
"Upper body","7 Jun 2025, 12:45","7 Jun 2025, 13:31","Leaving some gas in the tank for household chores that are gonna need some heavy lifting!","Butterfly (Pec Deck)",,"",2,"normal",40,4,,,
"Upper body","7 Jun 2025, 12:45","7 Jun 2025, 13:31","Leaving some gas in the tank for household chores that are gonna need some heavy lifting!","Rear Delt Reverse Fly (Machine)",,"",0,"normal",25,6,,,
"Upper body","7 Jun 2025, 12:45","7 Jun 2025, 13:31","Leaving some gas in the tank for household chores that are gonna need some heavy lifting!","Rear Delt Reverse Fly (Machine)",,"",1,"normal",25,3,,,
"Upper body","7 Jun 2025, 12:45","7 Jun 2025, 13:31","Leaving some gas in the tank for household chores that are gonna need some heavy lifting!","Rear Delt Reverse Fly (Machine)",,"",2,"normal",10,6,,,
"Upper body","7 Jun 2025, 12:45","7 Jun 2025, 13:31","Leaving some gas in the tank for household chores that are gonna need some heavy lifting!","Rear Delt Reverse Fly (Machine)",,"",3,"normal",10,4,,,
"Upper body","7 Jun 2025, 12:45","7 Jun 2025, 13:31","Leaving some gas in the tank for household chores that are gonna need some heavy lifting!","Bench Press (Dumbbell)",,"",0,"normal",5,8,,,
"Upper body","7 Jun 2025, 12:45","7 Jun 2025, 13:31","Leaving some gas in the tank for household chores that are gonna need some heavy lifting!","Bench Press (Dumbbell)",,"",1,"normal",5,8,,,
"Upper body","7 Jun 2025, 12:45","7 Jun 2025, 13:31","Leaving some gas in the tank for household chores that are gonna need some heavy lifting!","Bench Press (Dumbbell)",,"",2,"normal",5,6,,,
"Upper body","7 Jun 2025, 12:45","7 Jun 2025, 13:31","Leaving some gas in the tank for household chores that are gonna need some heavy lifting!","Skullcrusher (Dumbbell)",,"",0,"normal",2.5,6,,,
"Upper body","7 Jun 2025, 12:45","7 Jun 2025, 13:31","Leaving some gas in the tank for household chores that are gonna need some heavy lifting!","Skullcrusher (Dumbbell)",,"",1,"normal",2.5,4,,,
"Upper body","7 Jun 2025, 12:45","7 Jun 2025, 13:31","Leaving some gas in the tank for household chores that are gonna need some heavy lifting!","Skullcrusher (Dumbbell)",,"",2,"normal",2.5,5,,,
"Upper body","7 Jun 2025, 12:45","7 Jun 2025, 13:31","Leaving some gas in the tank for household chores that are gonna need some heavy lifting!","Chest Fly (Dumbbell)",,"",0,"normal",2.5,3,,,
"Upper body","7 Jun 2025, 12:45","7 Jun 2025, 13:31","Leaving some gas in the tank for household chores that are gonna need some heavy lifting!","Dumbbell Row",,"",0,"normal",5,8,,,
"Upper body","7 Jun 2025, 12:45","7 Jun 2025, 13:31","Leaving some gas in the tank for household chores that are gonna need some heavy lifting!","Dumbbell Row",,"",1,"normal",5,8,,,
"Upper body","7 Jun 2025, 12:45","7 Jun 2025, 13:31","Leaving some gas in the tank for household chores that are gonna need some heavy lifting!","Dumbbell Row",,"",2,"normal",5,8,,,
"Lower body","5 Jun 2025, 20:05","5 Jun 2025, 21:00","I can really feel my strength going despite working out consistently for the last 3 months. It's great!","Leg Press (Machine)",,"",0,"normal",90,10,,,
"Lower body","5 Jun 2025, 20:05","5 Jun 2025, 21:00","I can really feel my strength going despite working out consistently for the last 3 months. It's great!","Leg Press (Machine)",,"",1,"normal",90,10,,,
"Lower body","5 Jun 2025, 20:05","5 Jun 2025, 21:00","I can really feel my strength going despite working out consistently for the last 3 months. It's great!","Leg Press (Machine)",,"",2,"normal",90,12,,,
"Lower body","5 Jun 2025, 20:05","5 Jun 2025, 21:00","I can really feel my strength going despite working out consistently for the last 3 months. It's great!","Leg Press (Machine)",,"",3,"normal",90,12,,,
"Lower body","5 Jun 2025, 20:05","5 Jun 2025, 21:00","I can really feel my strength going despite working out consistently for the last 3 months. It's great!","Seated Leg Curl (Machine)",,"",0,"normal",6,8,,,
"Lower body","5 Jun 2025, 20:05","5 Jun 2025, 21:00","I can really feel my strength going despite working out consistently for the last 3 months. It's great!","Seated Leg Curl (Machine)",,"",1,"normal",6,8,,,
"Lower body","5 Jun 2025, 20:05","5 Jun 2025, 21:00","I can really feel my strength going despite working out consistently for the last 3 months. It's great!","Seated Leg Curl (Machine)",,"",2,"normal",6,10,,,
"Lower body","5 Jun 2025, 20:05","5 Jun 2025, 21:00","I can really feel my strength going despite working out consistently for the last 3 months. It's great!","Seated Leg Curl (Machine)",,"",3,"normal",6,8,,,
"Lower body","5 Jun 2025, 20:05","5 Jun 2025, 21:00","I can really feel my strength going despite working out consistently for the last 3 months. It's great!","Lying Leg Curl (Machine)",,"",0,"normal",4,10,,,
"Lower body","5 Jun 2025, 20:05","5 Jun 2025, 21:00","I can really feel my strength going despite working out consistently for the last 3 months. It's great!","Lying Leg Curl (Machine)",,"",1,"normal",4,8,,,
"Lower body","5 Jun 2025, 20:05","5 Jun 2025, 21:00","I can really feel my strength going despite working out consistently for the last 3 months. It's great!","Lying Leg Curl (Machine)",,"",2,"normal",4,8,,,
"Lower body","5 Jun 2025, 20:05","5 Jun 2025, 21:00","I can really feel my strength going despite working out consistently for the last 3 months. It's great!","Goblet Squat",,"",0,"normal",10,10,,,
"Lower body","5 Jun 2025, 20:05","5 Jun 2025, 21:00","I can really feel my strength going despite working out consistently for the last 3 months. It's great!","Goblet Squat",,"",1,"normal",10,10,,,
"Lower body","5 Jun 2025, 20:05","5 Jun 2025, 21:00","I can really feel my strength going despite working out consistently for the last 3 months. It's great!","Goblet Squat",,"",2,"normal",10,14,,,
"Lower body","5 Jun 2025, 20:05","5 Jun 2025, 21:00","I can really feel my strength going despite working out consistently for the last 3 months. It's great!","Standing Calf Raise (Dumbbell)",,"",0,"normal",12.5,14,,,
"Lower body","5 Jun 2025, 20:05","5 Jun 2025, 21:00","I can really feel my strength going despite working out consistently for the last 3 months. It's great!","Standing Calf Raise (Dumbbell)",,"",1,"normal",12.5,14,,,
"Lower body","5 Jun 2025, 20:05","5 Jun 2025, 21:00","I can really feel my strength going despite working out consistently for the last 3 months. It's great!","Standing Calf Raise (Dumbbell)",,"",2,"normal",12.5,16,,,
"Lower body","5 Jun 2025, 20:05","5 Jun 2025, 21:00","I can really feel my strength going despite working out consistently for the last 3 months. It's great!","Romanian Deadlift (Dumbbell)",,"",0,"normal",12.5,6,,,
"Lower body","5 Jun 2025, 20:05","5 Jun 2025, 21:00","I can really feel my strength going despite working out consistently for the last 3 months. It's great!","Romanian Deadlift (Dumbbell)",,"",1,"normal",12.5,6,,,
"Lower body","5 Jun 2025, 20:05","5 Jun 2025, 21:00","I can really feel my strength going despite working out consistently for the last 3 months. It's great!","Treadmill",,"",0,"normal",,,0.7,780,
"Upper body","3 Jun 2025, 20:28","3 Jun 2025, 21:07","","Overhead Press (Dumbbell)",,"",0,"normal",5,10,,,
"Upper body","3 Jun 2025, 20:28","3 Jun 2025, 21:07","","Overhead Press (Dumbbell)",,"",1,"normal",5,8,,,
"Upper body","3 Jun 2025, 20:28","3 Jun 2025, 21:07","","Overhead Press (Dumbbell)",,"",2,"normal",5,8,,,
"Upper body","3 Jun 2025, 20:28","3 Jun 2025, 21:07","","Overhead Press (Dumbbell)",,"",3,"normal",5,5,,,
"Upper body","3 Jun 2025, 20:28","3 Jun 2025, 21:07","","Overhead Press (Dumbbell)",,"",4,"normal",5,3,,,
"Upper body","3 Jun 2025, 20:28","3 Jun 2025, 21:07","","Bent Over Row (Dumbbell)",,"",0,"normal",5,10,,,
"Upper body","3 Jun 2025, 20:28","3 Jun 2025, 21:07","","Bent Over Row (Dumbbell)",,"",1,"normal",7.5,10,,,
"Upper body","3 Jun 2025, 20:28","3 Jun 2025, 21:07","","Bent Over Row (Dumbbell)",,"",2,"normal",7.5,10,,,
"Upper body","3 Jun 2025, 20:28","3 Jun 2025, 21:07","","Front Raise (Dumbbell)",,"",0,"normal",2.5,8,,,
"Upper body","3 Jun 2025, 20:28","3 Jun 2025, 21:07","","Front Raise (Dumbbell)",,"",1,"normal",2.5,8,,,
"Upper body","3 Jun 2025, 20:28","3 Jun 2025, 21:07","","Front Raise (Dumbbell)",,"",2,"normal",2.5,10,,,
"Upper body","3 Jun 2025, 20:28","3 Jun 2025, 21:07","","Skullcrusher (Dumbbell)",,"",0,"normal",2.5,8,,,
"Upper body","3 Jun 2025, 20:28","3 Jun 2025, 21:07","","Skullcrusher (Dumbbell)",,"",1,"normal",2.5,8,,,
"Upper body","3 Jun 2025, 20:28","3 Jun 2025, 21:07","","Skullcrusher (Dumbbell)",,"",2,"normal",2.5,4,,,
"Upper body","3 Jun 2025, 20:28","3 Jun 2025, 21:07","","Chest Fly (Dumbbell)",,"",0,"normal",2.5,6,,,
"Upper body","3 Jun 2025, 20:28","3 Jun 2025, 21:07","","Chest Fly (Dumbbell)",,"",1,"normal",2.5,6,,,
"Upper body","3 Jun 2025, 20:28","3 Jun 2025, 21:07","","Chest Fly (Dumbbell)",,"",2,"normal",2.5,6,,,
"Upper body","3 Jun 2025, 20:28","3 Jun 2025, 21:07","","Bicep Curl (Dumbbell)",,"",0,"normal",5,8,,,
"Upper body","3 Jun 2025, 20:28","3 Jun 2025, 21:07","","Bicep Curl (Dumbbell)",,"",1,"normal",5,6,,,
"Upper body","3 Jun 2025, 20:28","3 Jun 2025, 21:07","","Bench Press (Dumbbell)",,"",0,"normal",5,8,,,
"Upper body","3 Jun 2025, 20:28","3 Jun 2025, 21:07","","Bench Press (Dumbbell)",,"",1,"normal",5,6,,,
"Upper body","3 Jun 2025, 20:28","3 Jun 2025, 21:07","","Dumbbell Row",,"",0,"normal",7.5,6,,,
"Upper body","3 Jun 2025, 20:28","3 Jun 2025, 21:07","","Dumbbell Row",,"",1,"normal",7.5,8,,,
"Upper body","3 Jun 2025, 20:28","3 Jun 2025, 21:07","","Treadmill",,"",0,"normal",,,0.3,300,
"Lower body","1 Jun 2025, 14:20","1 Jun 2025, 15:20","","Leg Press (Machine)",,"",0,"normal",70,8,,,
"Lower body","1 Jun 2025, 14:20","1 Jun 2025, 15:20","","Leg Press (Machine)",,"",1,"normal",70,10,,,
"Lower body","1 Jun 2025, 14:20","1 Jun 2025, 15:20","","Leg Press (Machine)",,"",2,"normal",90,8,,,
"Lower body","1 Jun 2025, 14:20","1 Jun 2025, 15:20","","Leg Press (Machine)",,"",3,"normal",90,6,,,
"Lower body","1 Jun 2025, 14:20","1 Jun 2025, 15:20","","Seated Leg Curl (Machine)",,"",0,"normal",5,8,,,
"Lower body","1 Jun 2025, 14:20","1 Jun 2025, 15:20","","Seated Leg Curl (Machine)",,"",1,"normal",5,8,,,
"Lower body","1 Jun 2025, 14:20","1 Jun 2025, 15:20","","Seated Leg Curl (Machine)",,"",2,"normal",5,6,,,
"Lower body","1 Jun 2025, 14:20","1 Jun 2025, 15:20","","Goblet Squat",,"",0,"normal",7.5,8,,,
"Lower body","1 Jun 2025, 14:20","1 Jun 2025, 15:20","","Goblet Squat",,"",1,"normal",7.5,8,,,
"Lower body","1 Jun 2025, 14:20","1 Jun 2025, 15:20","","Goblet Squat",,"",2,"normal",7.5,8,,,
"Lower body","1 Jun 2025, 14:20","1 Jun 2025, 15:20","","Standing Calf Raise (Dumbbell)",,"",0,"normal",7.5,12,,,
"Lower body","1 Jun 2025, 14:20","1 Jun 2025, 15:20","","Standing Calf Raise (Dumbbell)",,"",1,"normal",7.5,12,,,
"Lower body","1 Jun 2025, 14:20","1 Jun 2025, 15:20","","Standing Calf Raise (Dumbbell)",,"",2,"normal",7.5,14,,,
"Lower body","1 Jun 2025, 14:20","1 Jun 2025, 15:20","","Romanian Deadlift (Dumbbell)",,"",0,"normal",7.5,8,,,
"Lower body","1 Jun 2025, 14:20","1 Jun 2025, 15:20","","Romanian Deadlift (Dumbbell)",,"",1,"normal",7.5,8,,,
"Lower body","1 Jun 2025, 14:20","1 Jun 2025, 15:20","","Treadmill",,"",0,"normal",,,2.18,2220,
"Afternoon workout 💪","31 May 2025, 13:12","31 May 2025, 13:52","Feeling back on top!","Bench Press (Dumbbell)",,"",0,"normal",7.5,6,,,
"Afternoon workout 💪","31 May 2025, 13:12","31 May 2025, 13:52","Feeling back on top!","Bench Press (Dumbbell)",,"",1,"normal",7.5,5,,,
"Afternoon workout 💪","31 May 2025, 13:12","31 May 2025, 13:52","Feeling back on top!","Bench Press (Dumbbell)",,"",2,"normal",7.5,1,,,
"Afternoon workout 💪","31 May 2025, 13:12","31 May 2025, 13:52","Feeling back on top!","Bench Press (Dumbbell)",,"",3,"normal",5,10,,,
"Afternoon workout 💪","31 May 2025, 13:12","31 May 2025, 13:52","Feeling back on top!","Bench Press (Dumbbell)",,"",4,"normal",5,6,,,
"Afternoon workout 💪","31 May 2025, 13:12","31 May 2025, 13:52","Feeling back on top!","Skullcrusher (Dumbbell)",,"",0,"normal",2.5,6,,,
"Afternoon workout 💪","31 May 2025, 13:12","31 May 2025, 13:52","Feeling back on top!","Skullcrusher (Dumbbell)",,"",1,"normal",2.5,6,,,
"Afternoon workout 💪","31 May 2025, 13:12","31 May 2025, 13:52","Feeling back on top!","Skullcrusher (Dumbbell)",,"",2,"normal",2.5,6,,,
"Afternoon workout 💪","31 May 2025, 13:12","31 May 2025, 13:52","Feeling back on top!","Chest Fly (Dumbbell)",,"",0,"normal",2.5,6,,,
"Afternoon workout 💪","31 May 2025, 13:12","31 May 2025, 13:52","Feeling back on top!","Chest Fly (Dumbbell)",,"",1,"normal",2.5,6,,,
"Afternoon workout 💪","31 May 2025, 13:12","31 May 2025, 13:52","Feeling back on top!","Chest Fly (Dumbbell)",,"",2,"normal",2.5,4,,,
"Afternoon workout 💪","31 May 2025, 13:12","31 May 2025, 13:52","Feeling back on top!","Dumbbell Row",,"",0,"normal",7.5,10,,,
"Afternoon workout 💪","31 May 2025, 13:12","31 May 2025, 13:52","Feeling back on top!","Dumbbell Row",,"",1,"normal",7.5,10,,,
"Afternoon workout 💪","31 May 2025, 13:12","31 May 2025, 13:52","Feeling back on top!","Dumbbell Row",,"",2,"normal",7.5,10,,,
"Afternoon workout 💪","31 May 2025, 13:12","31 May 2025, 13:52","Feeling back on top!","Lat Pulldown (Cable)",,"",0,"normal",6,6,,,
"Afternoon workout 💪","31 May 2025, 13:12","31 May 2025, 13:52","Feeling back on top!","Lat Pulldown (Cable)",,"",1,"normal",6,5,,,
"Afternoon workout 💪","31 May 2025, 13:12","31 May 2025, 13:52","Feeling back on top!","Overhead Press (Dumbbell)",,"",0,"normal",5,8,,,
"Afternoon workout 💪","31 May 2025, 13:12","31 May 2025, 13:52","Feeling back on top!","Overhead Press (Dumbbell)",,"",1,"normal",5,4,,,
"Afternoon workout 💪","31 May 2025, 13:12","31 May 2025, 13:52","Feeling back on top!","Bicep Curl (Dumbbell)",,"",0,"normal",5,5,,,
"Afternoon workout 💪","31 May 2025, 13:12","31 May 2025, 13:52","Feeling back on top!","Bicep Curl (Dumbbell)",,"",1,"normal",5,5,,,
"Afternoon workout 💪","28 May 2025, 17:32","28 May 2025, 18:03","","Treadmill",,"",0,"normal",,,0.93,1390,
"Afternoon workout 💪","28 May 2025, 17:32","28 May 2025, 18:03","","Treadmill",,"",1,"normal",,,0.16,275,
"Evening workout 🏋️","27 May 2025, 20:26","27 May 2025, 20:56","Feeling a bit too tuckered out for leg fall, so just went for some light cardio today. Maybe tomorrow!","Leg Press (Machine)",,"",0,"normal",50,8,,,
"Evening workout 🏋️","27 May 2025, 20:26","27 May 2025, 20:56","Feeling a bit too tuckered out for leg fall, so just went for some light cardio today. Maybe tomorrow!","Treadmill",,"",0,"normal",,,0.31,600,
"Evening workout 🏋️","27 May 2025, 20:26","27 May 2025, 20:56","Feeling a bit too tuckered out for leg fall, so just went for some light cardio today. Maybe tomorrow!","Treadmill",,"",1,"normal",,,0.45,660,
"Evening workout 🏋️","26 May 2025, 20:09","26 May 2025, 20:47","Back to the gym after a couple weeks of rest (and some days of just bad weather!)

It's good to be back, although I'm definitely feeling the impact of skipping a workout for awhile.

Planning to be back soon!","Butterfly (Pec Deck)",,"",0,"normal",40,8,,,
"Evening workout 🏋️","26 May 2025, 20:09","26 May 2025, 20:47","Back to the gym after a couple weeks of rest (and some days of just bad weather!)

It's good to be back, although I'm definitely feeling the impact of skipping a workout for awhile.

Planning to be back soon!","Butterfly (Pec Deck)",,"",1,"normal",55,8,,,
"Evening workout 🏋️","26 May 2025, 20:09","26 May 2025, 20:47","Back to the gym after a couple weeks of rest (and some days of just bad weather!)

It's good to be back, although I'm definitely feeling the impact of skipping a workout for awhile.

Planning to be back soon!","Butterfly (Pec Deck)",,"",2,"normal",55,5,,,
"Evening workout 🏋️","26 May 2025, 20:09","26 May 2025, 20:47","Back to the gym after a couple weeks of rest (and some days of just bad weather!)

It's good to be back, although I'm definitely feeling the impact of skipping a workout for awhile.

Planning to be back soon!","Bench Press (Dumbbell)",,"",0,"normal",7.5,5,,,
"Evening workout 🏋️","26 May 2025, 20:09","26 May 2025, 20:47","Back to the gym after a couple weeks of rest (and some days of just bad weather!)

It's good to be back, although I'm definitely feeling the impact of skipping a workout for awhile.

Planning to be back soon!","Bench Press (Dumbbell)",,"",1,"normal",5,8,,,
"Evening workout 🏋️","26 May 2025, 20:09","26 May 2025, 20:47","Back to the gym after a couple weeks of rest (and some days of just bad weather!)

It's good to be back, although I'm definitely feeling the impact of skipping a workout for awhile.

Planning to be back soon!","Bench Press (Dumbbell)",,"",2,"normal",5,8,,,
"Evening workout 🏋️","26 May 2025, 20:09","26 May 2025, 20:47","Back to the gym after a couple weeks of rest (and some days of just bad weather!)

It's good to be back, although I'm definitely feeling the impact of skipping a workout for awhile.

Planning to be back soon!","Bench Press (Dumbbell)",,"",3,"normal",5,6,,,
"Evening workout 🏋️","26 May 2025, 20:09","26 May 2025, 20:47","Back to the gym after a couple weeks of rest (and some days of just bad weather!)

It's good to be back, although I'm definitely feeling the impact of skipping a workout for awhile.

Planning to be back soon!","Dumbbell Row",,"",0,"normal",5,10,,,
"Evening workout 🏋️","26 May 2025, 20:09","26 May 2025, 20:47","Back to the gym after a couple weeks of rest (and some days of just bad weather!)

It's good to be back, although I'm definitely feeling the impact of skipping a workout for awhile.

Planning to be back soon!","Dumbbell Row",,"",1,"normal",7.5,10,,,
"Evening workout 🏋️","26 May 2025, 20:09","26 May 2025, 20:47","Back to the gym after a couple weeks of rest (and some days of just bad weather!)

It's good to be back, although I'm definitely feeling the impact of skipping a workout for awhile.

Planning to be back soon!","Overhead Press (Dumbbell)",,"",0,"normal",5,8,,,
"Evening workout 🏋️","26 May 2025, 20:09","26 May 2025, 20:47","Back to the gym after a couple weeks of rest (and some days of just bad weather!)

It's good to be back, although I'm definitely feeling the impact of skipping a workout for awhile.

Planning to be back soon!","Overhead Press (Dumbbell)",,"",1,"normal",5,4,,,
"Evening workout 🏋️","26 May 2025, 20:09","26 May 2025, 20:47","Back to the gym after a couple weeks of rest (and some days of just bad weather!)

It's good to be back, although I'm definitely feeling the impact of skipping a workout for awhile.

Planning to be back soon!","Bicep Curl (Dumbbell)",,"",0,"normal",5,8,,,
"Evening workout 🏋️","26 May 2025, 20:09","26 May 2025, 20:47","Back to the gym after a couple weeks of rest (and some days of just bad weather!)

It's good to be back, although I'm definitely feeling the impact of skipping a workout for awhile.

Planning to be back soon!","Treadmill",,"",0,"normal",,,0.31,240,
"Afternoon workout 💪","10 May 2025, 12:26","10 May 2025, 13:19","","Treadmill",,"",0,"normal",,,0.62,900,
"Afternoon workout 💪","10 May 2025, 12:26","10 May 2025, 13:19","","Leg Press (Machine)",,"",0,"normal",50,8,,,
"Afternoon workout 💪","10 May 2025, 12:26","10 May 2025, 13:19","","Leg Press (Machine)",,"",1,"normal",50,8,,,
"Afternoon workout 💪","10 May 2025, 12:26","10 May 2025, 13:19","","Leg Press (Machine)",,"",2,"normal",50,6,,,
"Afternoon workout 💪","10 May 2025, 12:26","10 May 2025, 13:19","","Seated Leg Curl (Machine)",,"",0,"normal",5,8,,,
"Afternoon workout 💪","10 May 2025, 12:26","10 May 2025, 13:19","","Seated Leg Curl (Machine)",,"",1,"normal",5,8,,,
"Afternoon workout 💪","10 May 2025, 12:26","10 May 2025, 13:19","","Seated Leg Curl (Machine)",,"",2,"normal",5,8,,,
"Afternoon workout 💪","10 May 2025, 12:26","10 May 2025, 13:19","","Goblet Squat",,"",0,"normal",7.5,8,,,
"Afternoon workout 💪","10 May 2025, 12:26","10 May 2025, 13:19","","Goblet Squat",,"",1,"normal",7.5,10,,,
"Afternoon workout 💪","10 May 2025, 12:26","10 May 2025, 13:19","","Goblet Squat",,"",2,"normal",7.5,8,,,
"Afternoon workout 💪","10 May 2025, 12:26","10 May 2025, 13:19","","Standing Calf Raise (Dumbbell)",,"",0,"normal",7.5,10,,,
"Afternoon workout 💪","10 May 2025, 12:26","10 May 2025, 13:19","","Standing Calf Raise (Dumbbell)",,"",1,"normal",7.5,12,,,
"Afternoon workout 💪","10 May 2025, 12:26","10 May 2025, 13:19","","Standing Calf Raise (Dumbbell)",,"",2,"normal",7.5,10,,,
"Afternoon workout 💪","9 May 2025, 17:34","9 May 2025, 18:30","","Treadmill",,"",0,"normal",,,0.62,900,
"Afternoon workout 💪","9 May 2025, 17:34","9 May 2025, 18:30","","Bench Press (Dumbbell)",,"",0,"normal",5,10,,,
"Afternoon workout 💪","9 May 2025, 17:34","9 May 2025, 18:30","","Bench Press (Dumbbell)",,"",1,"normal",5,8,,,
"Afternoon workout 💪","9 May 2025, 17:34","9 May 2025, 18:30","","Bench Press (Dumbbell)",,"",2,"normal",5,8,,,
"Afternoon workout 💪","9 May 2025, 17:34","9 May 2025, 18:30","","Bench Press (Dumbbell)",,"",3,"normal",5,6,,,
"Afternoon workout 💪","9 May 2025, 17:34","9 May 2025, 18:30","","Butterfly (Pec Deck)",,"",0,"normal",25,8,,,
"Afternoon workout 💪","9 May 2025, 17:34","9 May 2025, 18:30","","Butterfly (Pec Deck)",,"",1,"normal",25,8,,,
"Afternoon workout 💪","9 May 2025, 17:34","9 May 2025, 18:30","","Lat Pulldown (Cable)",,"",0,"normal",5,8,,,
"Afternoon workout 💪","9 May 2025, 17:34","9 May 2025, 18:30","","Lat Pulldown (Cable)",,"",1,"normal",6,8,,,
"Afternoon workout 💪","9 May 2025, 17:34","9 May 2025, 18:30","","Lat Pulldown (Cable)",,"",2,"normal",6,8,,,
"Afternoon workout 💪","9 May 2025, 17:34","9 May 2025, 18:30","","Seated Cable Row - Bar Grip",,"",0,"normal",6,6,,,
"Afternoon workout 💪","9 May 2025, 17:34","9 May 2025, 18:30","","Seated Cable Row - Bar Grip",,"",1,"normal",6,5,,,
"Afternoon workout 💪","4 May 2025, 15:31","4 May 2025, 16:16","","Elliptical Trainer",,"",0,"normal",,,0.62,450,
"Afternoon workout 💪","4 May 2025, 15:31","4 May 2025, 16:16","","Goblet Squat",,"",0,"normal",5,8,,,
"Afternoon workout 💪","4 May 2025, 15:31","4 May 2025, 16:16","","Goblet Squat",,"",1,"normal",5,8,,,
"Afternoon workout 💪","4 May 2025, 15:31","4 May 2025, 16:16","","Goblet Squat",,"",2,"normal",5,8,,,
"Afternoon workout 💪","4 May 2025, 15:31","4 May 2025, 16:16","","Standing Calf Raise (Dumbbell)",,"",0,"normal",5,10,,,
"Afternoon workout 💪","4 May 2025, 15:31","4 May 2025, 16:16","","Standing Calf Raise (Dumbbell)",,"",1,"normal",5,12,,,
"Afternoon workout 💪","4 May 2025, 15:31","4 May 2025, 16:16","","Standing Calf Raise (Dumbbell)",,"",2,"normal",5,12,,,
"Afternoon workout 💪","4 May 2025, 15:31","4 May 2025, 16:16","","Romanian Deadlift (Dumbbell)",,"",0,"normal",5,8,,,
"Afternoon workout 💪","4 May 2025, 15:31","4 May 2025, 16:16","","Romanian Deadlift (Dumbbell)",,"",1,"normal",5,8,,,
"Afternoon workout 💪","4 May 2025, 15:31","4 May 2025, 16:16","","Romanian Deadlift (Dumbbell)",,"",2,"normal",5,8,,,
"Afternoon workout 💪","4 May 2025, 15:31","4 May 2025, 16:16","","Lunge (Dumbbell)",,"",0,"normal",5,6,,,
"Afternoon workout 💪","4 May 2025, 15:31","4 May 2025, 16:16","","Leg Press (Machine)",,"",0,"normal",50,8,,,
"Afternoon workout 💪","4 May 2025, 15:31","4 May 2025, 16:16","","Leg Press (Machine)",,"",1,"normal",50,6,,,
"Afternoon workout 💪","4 May 2025, 15:31","4 May 2025, 16:16","","Leg Press (Machine)",,"",2,"normal",50,6,,,
"Afternoon workout 💪","4 May 2025, 15:31","4 May 2025, 16:16","","Seated Leg Curl (Machine)",,"",0,"normal",5,6,,,
"Afternoon workout 💪","4 May 2025, 15:31","4 May 2025, 16:16","","Seated Leg Curl (Machine)",,"",1,"normal",5,7,,,
"Afternoon workout 💪","4 May 2025, 15:31","4 May 2025, 16:16","","Seated Leg Curl (Machine)",,"",2,"normal",5,8,,,
"Afternoon workout 💪","3 May 2025, 13:00","3 May 2025, 13:33","","Elliptical Trainer",,"",0,"normal",,,0.62,450,
"Afternoon workout 💪","3 May 2025, 13:00","3 May 2025, 13:33","","Seated Cable Row - Bar Grip",,"",0,"normal",13.23,8,,,
"Afternoon workout 💪","3 May 2025, 13:00","3 May 2025, 13:33","","Seated Cable Row - Bar Grip",,"",1,"normal",13.23,7,,,
"Afternoon workout 💪","3 May 2025, 13:00","3 May 2025, 13:33","","Seated Cable Row - Bar Grip",,"",2,"normal",13.23,6,,,
"Afternoon workout 💪","3 May 2025, 13:00","3 May 2025, 13:33","","Bench Press (Dumbbell)",,"",0,"normal",2.2,8,,,
"Afternoon workout 💪","3 May 2025, 13:00","3 May 2025, 13:33","","Bench Press (Dumbbell)",,"",1,"normal",2.2,8,,,
"Afternoon workout 💪","3 May 2025, 13:00","3 May 2025, 13:33","","Bench Press (Dumbbell)",,"",2,"normal",2.2,8,,,
"Afternoon workout 💪","3 May 2025, 13:00","3 May 2025, 13:33","","Skullcrusher (Dumbbell)",,"",0,"normal",2.2,8,,,
"Afternoon workout 💪","3 May 2025, 13:00","3 May 2025, 13:33","","Skullcrusher (Dumbbell)",,"",1,"normal",2.2,8,,,
"Afternoon workout 💪","3 May 2025, 13:00","3 May 2025, 13:33","","Bench Press (Dumbbell)",,"",0,"normal",4.41,6,,,
"Afternoon workout 💪","3 May 2025, 13:00","3 May 2025, 13:33","","Bench Press (Dumbbell)",,"",1,"normal",4.41,5,,,
"Evening workout 🏋️","29 Apr 2025, 20:14","29 Apr 2025, 20:59","Arms still feeling a bit sore. I imagine it's just a bit of DOMS since it's been awhile.","Treadmill",,"",0,"normal",,,1.99,1440,
"Evening workout 🏋️","29 Apr 2025, 20:14","29 Apr 2025, 20:59","Arms still feeling a bit sore. I imagine it's just a bit of DOMS since it's been awhile.","Lat Pulldown (Cable)",,"",0,"normal",8.82,8,,,
"Evening workout 🏋️","29 Apr 2025, 20:14","29 Apr 2025, 20:59","Arms still feeling a bit sore. I imagine it's just a bit of DOMS since it's been awhile.","Lat Pulldown (Cable)",,"",1,"normal",11.02,8,,,
"Evening workout 🏋️","29 Apr 2025, 20:14","29 Apr 2025, 20:59","Arms still feeling a bit sore. I imagine it's just a bit of DOMS since it's been awhile.","Lat Pulldown (Cable)",,"",2,"normal",11.02,8,,,
"Evening workout 🏋️","29 Apr 2025, 20:14","29 Apr 2025, 20:59","Arms still feeling a bit sore. I imagine it's just a bit of DOMS since it's been awhile.","Chest Fly (Machine)",,"",0,"normal",55.12,8,,,
"Evening workout 🏋️","29 Apr 2025, 20:14","29 Apr 2025, 20:59","Arms still feeling a bit sore. I imagine it's just a bit of DOMS since it's been awhile.","Chest Fly (Machine)",,"",1,"normal",88.18,8,,,
"Evening workout 🏋️","29 Apr 2025, 20:14","29 Apr 2025, 20:59","Arms still feeling a bit sore. I imagine it's just a bit of DOMS since it's been awhile.","Chest Fly (Machine)",,"",2,"normal",88.18,4,,,
"Evening workout 🏋️","28 Apr 2025, 20:47","28 Apr 2025, 21:22","","Treadmill",,"",0,"normal",,,1.24,2100,
"Afternoon workout 💪","27 Apr 2025, 14:52","27 Apr 2025, 15:58","","Treadmill",,"",0,"normal",,,0.62,900,
"Afternoon workout 💪","27 Apr 2025, 14:52","27 Apr 2025, 15:58","","Seated Cable Row - Bar Grip",,"",0,"normal",6.61,12,,,
"Afternoon workout 💪","27 Apr 2025, 14:52","27 Apr 2025, 15:58","","Seated Cable Row - Bar Grip",,"",1,"normal",6.61,12,,,
"Afternoon workout 💪","27 Apr 2025, 14:52","27 Apr 2025, 15:58","","Seated Cable Row - Bar Grip",,"",2,"normal",6.61,12,,,
"Afternoon workout 💪","27 Apr 2025, 14:52","27 Apr 2025, 15:58","","Leg Extension (Machine)",,"",0,"normal",4.41,8,,,
"Afternoon workout 💪","27 Apr 2025, 14:52","27 Apr 2025, 15:58","","Leg Extension (Machine)",,"",1,"normal",6.61,8,,,
"Afternoon workout 💪","27 Apr 2025, 14:52","27 Apr 2025, 15:58","","Leg Extension (Machine)",,"",2,"normal",6.61,8,,,
"Afternoon workout 💪","27 Apr 2025, 14:52","27 Apr 2025, 15:58","","Lat Pulldown (Cable)",,"",0,"normal",8.82,12,,,
"Afternoon workout 💪","27 Apr 2025, 14:52","27 Apr 2025, 15:58","","Lat Pulldown (Cable)",,"",1,"normal",8.82,12,,,
"Afternoon workout 💪","27 Apr 2025, 14:52","27 Apr 2025, 15:58","","Lat Pulldown (Cable)",,"",2,"normal",8.82,12,,,
"Afternoon workout 💪","27 Apr 2025, 14:52","27 Apr 2025, 15:58","","Leg Extension (Machine)",,"",0,"normal",6.61,8,,,
"Afternoon workout 💪","27 Apr 2025, 14:52","27 Apr 2025, 15:58","","Leg Extension (Machine)",,"",1,"normal",6.61,8,,,
"Afternoon workout 💪","27 Apr 2025, 14:52","27 Apr 2025, 15:58","","Leg Extension (Machine)",,"",2,"normal",6.61,8,,,
"Afternoon workout 💪","27 Apr 2025, 14:52","27 Apr 2025, 15:58","","Shoulder Press (Dumbbell)",,"",0,"normal",5.51,8,,,
"Afternoon workout 💪","27 Apr 2025, 14:52","27 Apr 2025, 15:58","","Shoulder Press (Dumbbell)",,"",1,"normal",5.51,8,,,
"Afternoon workout 💪","27 Apr 2025, 14:52","27 Apr 2025, 15:58","","Shoulder Press (Dumbbell)",,"",2,"normal",5.51,8,,,
"Afternoon workout 💪","27 Apr 2025, 14:52","27 Apr 2025, 15:58","","Bicep Curl (Dumbbell)",,"",0,"normal",5.51,8,,,
"Afternoon workout 💪","27 Apr 2025, 14:52","27 Apr 2025, 15:58","","Bicep Curl (Dumbbell)",,"",1,"normal",5.51,8,,,
"Afternoon workout 💪","27 Apr 2025, 14:52","27 Apr 2025, 15:58","","Bicep Curl (Dumbbell)",,"",2,"normal",5.51,8,,,
"Afternoon workout 💪","27 Apr 2025, 14:52","27 Apr 2025, 15:58","","Leg Press Horizontal (Machine)",,"",0,"normal",22.05,8,,,
"Afternoon workout 💪","27 Apr 2025, 14:52","27 Apr 2025, 15:58","","Leg Press Horizontal (Machine)",,"",1,"normal",22.05,8,,,
"Afternoon workout 💪","27 Apr 2025, 14:52","27 Apr 2025, 15:58","","Leg Press Horizontal (Machine)",,"",2,"normal",22.05,8,,,
"Afternoon workout 💪","27 Apr 2025, 14:52","27 Apr 2025, 15:58","","Elliptical Trainer",,"",0,"normal",,,1.24,600,
"Afternoon workout 💪","25 Apr 2025, 18:07","25 Apr 2025, 18:45","My first workout after (far too many) years.

Apparently I weigh 136 lb. Good to know.","Treadmill",,"",0,"normal",,,0.62,840,
"Afternoon workout 💪","25 Apr 2025, 18:07","25 Apr 2025, 18:45","My first workout after (far too many) years.

Apparently I weigh 136 lb. Good to know.","Lat Pulldown (Cable)",,"",0,"normal",6.61,14,,,
"Afternoon workout 💪","25 Apr 2025, 18:07","25 Apr 2025, 18:45","My first workout after (far too many) years.

Apparently I weigh 136 lb. Good to know.","Lat Pulldown (Cable)",,"",1,"normal",6.61,15,,,
"Afternoon workout 💪","25 Apr 2025, 18:07","25 Apr 2025, 18:45","My first workout after (far too many) years.

Apparently I weigh 136 lb. Good to know.","Lat Pulldown (Cable)",,"",2,"normal",6.61,15,,,
"Afternoon workout 💪","25 Apr 2025, 18:07","25 Apr 2025, 18:45","My first workout after (far too many) years.

Apparently I weigh 136 lb. Good to know.","Leg Extension (Machine)",,"",0,"normal",4.41,6,,,
"Afternoon workout 💪","25 Apr 2025, 18:07","25 Apr 2025, 18:45","My first workout after (far too many) years.

Apparently I weigh 136 lb. Good to know.","Leg Extension (Machine)",,"",1,"normal",4.41,7,,,
"Afternoon workout 💪","25 Apr 2025, 18:07","25 Apr 2025, 18:45","My first workout after (far too many) years.

Apparently I weigh 136 lb. Good to know.","Leg Extension (Machine)",,"",2,"normal",4.41,7,,,
"Afternoon workout 💪","25 Apr 2025, 18:07","25 Apr 2025, 18:45","My first workout after (far too many) years.

Apparently I weigh 136 lb. Good to know.","Treadmill",,"",0,"normal",,,0.43,600,